time_s,x_m,y_m,z_m,horizontal_angle_deg,vertical_angle_deg,magnification,distance_m
0.0,-0.6559756744186047,16.330196058139535,1.7315386744186048,0.0,0.0,0.002222012422681502,16.471555076110462
0.0006506506506506507,-0.6553711874350007,16.302267999897243,1.7301948874877666,0.004728806105571996,-0.003758110923743795,0.002225784282376325,16.443642041053753
0.0013013013013013013,-0.6547650389361597,16.27434539593303,1.7288500632130015,0.009466563492689746,-0.007532800599094682,0.0022295682226507146,16.415734503287176
0.0019519519519519521,-0.6541572295705865,16.246428244099835,1.7275042012033286,0.014213315983061093,-0.011324151242462851,0.002233364301612619,16.387832461355575
0.0026026026026026027,-0.6535477599864121,16.218516542251766,1.7261573010680096,0.018969107680165586,-0.01513224559851245,0.002237172577742432,16.35993591381031
0.0032532532532532532,-0.6529366308313946,16.190610288244084,1.7248093624165493,0.023733982971722578,-0.018957166944406224,0.0022409931098959757,16.332044859209287
0.0039039039039039042,-0.6523238427529187,16.16270947993322,1.7234603848586951,0.02850798653180313,-0.022798999094094306,0.002244825957307508,16.30415929611702
0.004554554554554555,-0.6517093963979957,16.13481411517677,1.7221103680044378,0.03329116332319632,-0.026657826402640854,0.002248671179592766,16.27627922310467
0.005205205205205205,-0.651093292413264,16.106924191833485,1.7207593114640107,0.03808355859980106,-0.030533733770596424,0.002252528836752031,16.24840463875007
0.005855855855855856,-0.6504755314449883,16.07903970776329,1.7194072148478903,0.04288521790894148,-0.034426806648409504,0.0022563989891732313,16.220535541637798
0.0065065065065065065,-0.6498561141390603,16.051160660827264,1.7180540777667956,0.04769618709370789,-0.038337131040884244,0.0022602816976350667,16.192671930359207
0.007157157157157157,-0.6492350411409985,16.023287048887653,1.716699899831689,0.05251651229547571,-0.04226479351167769,0.0022641770233101702,16.164813803512462
0.0078078078078078084,-0.6486123130959481,15.995418869807866,1.7153446806537753,0.05734623995617006,-0.04620988118784326,0.002268085027768296,16.136961159702608
0.008458458458458459,-0.6479879306486809,15.967556121452478,1.7139884198445026,0.06218541682088655,-0.05017248176442014,0.002272005772979537,16.10911399754161
0.00910910910910911,-0.6473618944435956,15.939698801687225,1.7126311170155617,0.06703408994023213,-0.05415268350906106,0.002275939321317584,16.08127231564837
0.00975975975975976,-0.6467342051247174,15.911846908379003,1.7112727717788863,0.07189230667297133,-0.05815057526671415,0.002279885735563,16.05343611264883
0.01041041041041041,-0.6461048633356986,15.884000439395876,1.7099133837466534,0.0767601146883672,-0.06216624646434213,0.0022838450789065424,16.025605387175965
0.011061061061061061,-0.645473869719818,15.85615939260707,1.708552952531282,0.08163756196890373,-0.0661997871156978,0.0022878174149525074,15.997780137869864
0.011711711711711712,-0.6448412249199812,15.828323765882974,1.7071914777454351,0.08652469681272867,-0.07025128782613212,0.0022918028077221105,15.969960363377774
0.012362362362362362,-0.6442069295787205,15.800493557095141,1.7058289590020177,0.09142156783637599,-0.07432083979746795,0.0022958013216569013,15.94214606235414
0.013013013013013013,-0.643570984338195,15.772668764116283,1.7044653959141784,0.09632822397725946,-0.07840853483290285,0.0022998130216222105,15.914337233460657
0.013663663663663663,-0.6429333898401907,15.744849384820283,1.7031007880953082,0.10124471449647153,-0.08251446534197751,0.0023038379729106288,15.886533875366329
0.014314314314314314,-0.6422941467261198,15.71703541708218,1.701735135159041,0.10617108898132782,-0.08663872434557957,0.0023078762412455257,15.858735986747512
0.014964964964964965,-0.641653255637022,15.68922685877818,1.7003684367192542,0.11110739734816592,-0.09078140548100563,0.0023119278927845963,15.830943566287965
0.015615615615615617,-0.6410107172135631,15.661423707785653,1.6990006923900673,0.11605368984501716,-0.09494260300707097,0.0023159929941234487,15.803156612678908
0.016266266266266267,-0.6403665320960359,15.63362596198313,1.6976319017858434,0.1210100170544054,-0.09912241180926813,0.0023200716122992225,15.775375124619064
0.016916916916916918,-0.6397207009243601,15.605833619250305,1.6962620645211879,0.12597642989614596,-0.10332092740498199,0.0023241638147942474,15.747599100814721
0.01756756756756757,-0.6390732243380817,15.578046677468038,1.6948911802109496,0.13095297963006824,-0.10753824594874858,0.0023282696695397335,15.719828539979783
0.01821821821821822,-0.638424102976374,15.550265134518352,1.6935192484702202,0.135939717859018,-0.11177446423757603,0.002332389244919503,15.692063440835824
0.01886886886886887,-0.6377733374780366,15.522488988284428,1.6921462689143336,0.14093669653155472,-0.11602967971631344,0.0023365226097737555,15.664303802112133
0.01951951951951952,-0.6371209284814959,15.494718236650616,1.6907722411588675,0.14594396794503003,-0.12030399048307168,0.0023406698334028724,15.63654962254579
0.02017017017017017,-0.6364668766248054,15.466952877502427,1.689397164819642,0.1509615847483361,-0.12459749529470407,0.0023448309855712605,15.608800900881695
0.02082082082082082,-0.6358111825456448,15.43919290872654,1.68802103951272,0.15598959994500955,-0.12891029357233955,0.002349006136511229,15.581057635872652
0.021471471471471472,-0.635153846881321,15.411438328210787,1.6866438648544078,0.1610280668961577,-0.1332424854069686,0.002353195356926915,15.553319826279395
0.022122122122122122,-0.6344948702687675,15.383689133844172,1.6852656404612543,0.1660770393234865,-0.13759417156509154,0.0023573987179982352,15.525587470870677
0.022772772772772773,-0.6338342533445445,15.35594532351686,1.6838863659500514,0.1711365713123283,-0.14196545349441994,0.0023616162913848923,15.497860568423302
0.023423423423423424,-0.6331719967448387,15.328206895120179,1.6825060409378334,0.17620671731479695,-0.14635643332963838,0.0023658481492304074,15.470139117722201
0.024074074074074074,-0.6325081011054641,15.30047384654662,1.6811246650418785,0.18128753215281593,-0.15076721389821793,0.002370094364166205,15.442423117560475
0.024724724724724725,-0.6318425670618609,15.272746175689836,1.6797422378797067,0.18637907102134943,-0.1551978987263016,0.0023743550093157308,15.414712566739468
0.025375375375375375,-0.6311753952490964,15.245023880444645,1.6783587590690818,0.19148138949145602,-0.15964859204463328,0.002378630158298615,15.387007464068823
0.026026026026026026,-0.6305065863018645,15.21730695870703,1.67697422822801,0.19659454351364708,-0.16411939879456405,0.00238291988523488,15.359307808366543
0.026676676676676676,-0.6298361408544858,15.189595408374135,1.6755886449747408,0.20171858942101656,-0.16861042463410458,0.0023872242647491855,15.331613598459041
0.027327327327327327,-0.6291640595409077,15.161889227344265,1.6742020089277658,0.20685358393254877,-0.17312177594405323,0.002391543371975119,15.30392483318123
0.027977977977977977,-0.6284903429947044,15.134188413516894,1.6728143197058207,0.21199958415647702,-0.17765355983417266,0.0023958772825595337,15.276241511376552
0.028628628628628628,-0.6278149918490767,15.106492964792652,1.671425576927883,0.21715664759356593,-0.18220588414944514,0.0024002260726669255,15.248563631897065
0.02927927927927928,-0.6271380067368524,15.078802879073342,1.6700357802131736,0.22232483214049562,-0.18677885747637832,0.0024045898189838555,15.220891193603501
0.02992992992992993,-0.6264593882904855,15.05111815426192,1.6686449291811565,0.22750419609332206,-0.19137258914938413,0.002408968598723423,15.193224195365321
0.03058058058058058,-0.6257791371420575,15.02343878826251,1.6672530234515381,0.23269479815086122,-0.19598718925722372,0.0024133624896297765,15.165562636060796
0.031231231231231234,-0.625097253923276,14.995764778980401,1.6658600626442681,0.23789669741822583,-0.2006227686495135,0.0024177715699826787,15.137906514577061
0.03188188188188188,-0.6244137392654756,14.968096124322045,1.6644660463795389,0.24310995341033684,-0.20527943894330322,0.0024221959186021117,15.110255829810187
0.032532532532532535,-0.6237285937996178,14.940432822195053,1.663070974277786,0.24833462605543447,-0.20995731252971964,0.002426635614852935,15.08261058066525
0.03318318318318318,-0.6230418181562905,14.912774870508203,1.6616748459596877,0.25357077569876796,-0.21465650258068308,0.0024310907386495893,15.054970766056389
0.033833833833833836,-0.6223534129657085,14.885122267171434,1.660277661046165,0.2588184631061067,-0.21937712305568932,0.0024355613704608488,15.027336384906889
0.03448448448448448,-0.6216633788577134,14.857475010095852,1.658879419158382,0.26407774946753154,-0.22411928870866274,0.002440047591314624,14.999707436149238
0.03513513513513514,-0.6209717164617736,14.829833097193722,1.6574801199177458,0.2693486964010225,-0.22888311509488551,0.002444549482802812,14.972083918725207
0.035785785785785784,-0.6202784264069839,14.802196526378475,1.6560797629459063,0.2746313659563261,-0.23366871857799337,0.0024490671270862,14.944465831585916
0.03643643643643644,-0.6195835093220664,14.774565295564704,1.6546783478647562,0.27992582061864507,-0.2384762163370498,0.0024536006068994203,14.916853173691905
0.037087087087087085,-0.6188869658353693,14.746939402668165,1.6532758742964313,0.2852321233125567,-0.24330572637368955,0.0024581500055559525,14.889245944013204
0.03773773773773774,-0.618188796574868,14.719318845605779,1.6518723418633101,0.29055033740575315,-0.2481573675193423,0.0024627154069531824,14.86164414152942
0.038388388388388386,-0.6174890021681645,14.69170362229563,1.6504677501880143,0.29588052671311255,-0.2530312594425278,0.002467296895577513,14.834047765229789
0.03903903903903904,-0.6167875832424875,14.664093730656962,1.649062098893408,0.30122275550046473,-0.2579275226562327,0.0024718945565095282,14.80645681411327
0.03968968968968969,-0.6160845404246926,14.636489168610186,1.6476553876025986,0.30657708848878973,-0.26284627852535947,0.00247650847542921,14.778871287188613
0.04034034034034034,-0.6153798743412618,14.608889934076876,1.6462476159389363,0.3119435908580597,-0.2677876492742602,0.002481138738621215,14.751291183474432
0.04099099099099099,-0.6146735856183044,14.581296024979768,1.6448387835260143,0.3173223282514375,-0.27275175799434637,0.0024857854329801985,14.723716501999291
0.04164164164164164,-0.6139656748815558,14.55370743924276,1.6434288899876688,0.3227133667793474,-0.2777387286517801,0.002490448646016204,14.696147241801773
0.0422922922922923,-0.6132561427563785,14.526124174790915,1.6420179349479784,0.32811677302364833,-0.2827486860952503,0.0024951284658601054,14.66858340193056
0.042942942942942944,-0.612544989867762,14.498546229550461,1.640605918031265,0.3335326140418576,-0.2877817560638269,0.0024998249812691014,14.641024981444522
0.0435935935935936,-0.6118322168403217,14.470973601448788,1.6391928388620935,0.33896095737142534,-0.29283806519490196,0.0025045382816322815,14.613471979412788
0.044244244244244245,-0.6111178242983007,14.443406288414446,1.6377786970652715,0.34440187103393316,-0.29791774103221536,0.0025092684569762384,14.585924394914827
0.0448948948948949,-0.6104018128655683,14.415844288377153,1.6363634922658494,0.34985542353954663,-0.3030209120339662,0.0025140155979707464,14.558382227040537
0.045545545545545546,-0.6096841831656206,14.388287599267786,1.6349472240891205,0.35532168389141733,-0.30814770758101295,0.0025187797959345,14.530845474890324
0.0461961961961962,-0.6089649358215805,14.36073621901839,1.6335298921606216,0.36080072159000837,-0.3132982579851554,0.002523561142840912,14.50331413757519
0.04684684684684685,-0.6082440714561977,14.33319014556217,1.6321114961061316,0.3662926066376999,-0.3184726944975175,0.002528359731323977,14.475788214216808
0.0474974974974975,-0.6075215906918486,14.305649376833493,1.6306920355516725,0.37179740954329266,-0.3236711493170091,0.0025331756546841944,14.448267703947614
0.04814814814814815,-0.6067974941505363,14.278113910767896,1.62927151012351,0.37731520132653706,-0.3288937555988832,0.0025380090068945543,14.42075260591091
0.0487987987987988,-0.6060717824538906,14.250583745302071,1.6278499194481513,0.3828460535228661,-0.3341406474633933,0.0025428598826065943,14.393242919260913
0.04944944944944945,-0.6053444562231681,14.223058878373877,1.6264272631523478,0.3883900381880004,-0.3394119600045286,0.0025477283771565143,14.365738643162883
0.0501001001001001,-0.6046155160792522,14.195539307922337,1.625003540863093,0.39394722790278314,-0.3447078292988619,0.002552614586571361,14.338239776793193
0.05075075075075075,-0.603884962642653,14.168025031887638,1.6235787522076235,0.3995176957778359,-0.35002839241448136,0.0025575186075752782,14.310746319339422
0.051401401401401405,-0.6031527965335074,14.140516048211126,1.6221528968134191,0.40510151545852074,-0.3553737874200238,0.0025624405375958277,14.283258270000449
0.05205205205205205,-0.6024190183715789,14.113012354835313,1.620725974308202,0.4106987611297743,-0.3607441533938095,0.0025673804747703734,14.255775627986539
0.052702702702702706,-0.6016836287762576,14.085513949703875,1.619297984319938,0.4163095075210953,-0.36613963043307113,0.00257233851795254,14.228298392519452
0.05335335335335335,-0.600946628366561,14.058020830761652,1.6178689264768351,0.4219338299115311,-0.3715603596632897,0.0025773147667187404,14.200826562832525
0.05400400400400401,-0.6002080177611324,14.030532995954644,1.6164388004073444,0.4275718041347163,-0.3770064832476306,0.002582309321374773,14.173360138170764
0.054654654654654654,-0.5994677975782428,14.003050443230018,1.6150076057401601,0.4332235065840121,-0.3824781443964815,0.0025873222829624915,14.14589911779096
0.05530530530530531,-0.5987259684357892,13.975573170536101,1.6135753421042192,0.4388890142177226,-0.38797548737709864,0.0025923537532665537,14.11844350096176
0.055955955955955955,-0.5979825309512957,13.948101175822384,1.6121420091287015,0.444568404564209,-0.39349865752335855,0.0025974038348212333,14.090993286963789
0.05660660660660661,-0.597237485741913,13.920634457039524,1.61070760644303,0.4502617557273094,-0.39904780124561834,0.0026024726309173147,14.063548475089746
0.057257257257257256,-0.5964908334244188,13.893173012139338,1.60927213367687,0.4559691463916312,-0.40462306604068293,0.0026075602456090644,14.03610906464449
0.05790790790790791,-0.5957425746152171,13.865716839074807,1.6078355904601307,0.4616906558278944,-0.41022460050188586,0.0026126667837212724,14.008675054945163
0.05855855855855856,-0.594992709930339,13.838265935800075,1.606397976422963,0.46742636389850395,-0.41585255432928253,0.0026177923508563807,13.981246445321275
0.05920920920920921,-0.5942412399854422,13.810820300270453,1.6049592911957618,0.4731763510630457,-0.4215070783399518,0.0026229370534016816,13.953823235114825
0.05985985985985986,-0.5934881653958113,13.78337993044241,1.603519534409164,0.4789406983838333,-0.4271883244784216,0.0026281009985366028,13.926405423680393
0.06051051051051051,-0.5927334867763573,13.75594482427358,1.60207870569405,0.484719487531608,-0.43289644582720194,0.0026332842942400694,13.898993010385258
0.06116116116116116,-0.5919772047416183,13.728514979722764,1.600636804681543,0.4905128007912887,-0.43863159661744267,0.002638487049297951,13.8715859946095
0.06181181181181181,-0.5912193199057589,13.701090394749919,1.5991938310030087,0.49632072106762076,-0.44439393223970836,0.0026437093733105896,13.844184375746108
0.06246246246246247,-0.5904598328825706,13.673671067316175,1.5977497842900565,0.5021433318912065,-0.4501836092548729,0.0026489513767004127,13.816788153201097
0.06311311311311311,-0.5896987442854716,13.646256995383812,1.596304664174538,0.5079807174243065,-0.45600078540514183,0.002654213170719632,13.789397326393612
0.06376376376376376,-0.5889360547275069,13.618848176916288,1.5948584702885478,0.5138329624667676,-0.4618456196251933,0.0026594948674580243,13.762011894756052
0.06441441441441442,-0.5881717648213478,13.591444609878213,1.5934112022644238,0.5197001524622578,-0.4677182720534478,0.0026647965798508107,13.73463185773417
0.06506506506506507,-0.5874058751792931,13.564046292235366,1.5919628597347462,0.5255823735041938,-0.47361890404346907,0.002670118421686609,13.707257214787205
0.06571571571571572,-0.5866383864132677,13.536653221954689,1.5905134423323388,0.531479712342052,-0.4795476781754846,0.002675460507615492,13.679887965387985
0.06636636636636636,-0.5858692991348237,13.509265397004285,1.5890629496902677,0.5373922563875765,-0.4855047582680516,0.002680822953157123,13.652524109023053
0.06701701701701702,-0.5850986139551395,13.48188281535342,1.5876113814418422,0.5433200937211147,-0.4914903093898418,0.0026862058747089924,13.625165645192785
0.06766766766766767,-0.5843263314850206,13.454505474972525,1.5861587372206145,0.5492633130980553,-0.4975044978715696,0.0026916093895547446,13.597812573411515
0.06831831831831832,-0.583552452334899,13.427133373833195,1.5847050166603796,0.5552220039552141,-0.5035474913180545,0.002697033615872601,13.570464893207644
0.06896896896896897,-0.5827769771148338,13.399766509908186,1.5832502193951754,0.5611962564175013,-0.5096194586204204,0.002702478672743873,13.543122604123788
0.06961961961961963,-0.5819999064345103,13.37240488117142,1.581794345059283,0.5671861613045104,-0.5157205699684362,0.002707944680161585,13.515785705716873
0.07027027027027027,-0.5812212409032409,13.34504848559798,1.580337393287226,0.5731918101371607,-0.5218509968630012,0.0027134317590391793,13.488454197558294
0.07092092092092092,-0.5804409811299649,13.317697321164115,1.578879363713771,0.5792132951445914,-0.5280109121287672,0.0027189400312193344,13.461128079234019
0.07157157157157157,-0.5796591277232479,13.29035138584723,1.5774202559739277,0.5852507092709308,-0.5342004899269137,0.0027244696194828797,13.433807350344724
0.07222222222222223,-0.5788756812912824,13.263010677625902,1.5759600697029483,0.5913041461822166,-0.5404199057680676,0.0027300206475578087,13.406492010505934
0.07287287287287288,-0.5780906424418879,13.23567519447987,1.5744988045363286,0.5973737002735967,-0.5466693365253714,0.002735593240128403,13.379182059348148
0.07352352352352352,-0.5773040117825103,13.208344934390029,1.5730364601098068,0.6034594666761742,-0.5529489604477078,0.0027411875228444565,13.351877496516972
0.07417417417417417,-0.5765157899202225,13.181019895338444,1.5715730360593636,0.6095615412644367,-0.5592589571730755,0.002746803622330608,13.32457832167326
0.07482482482482483,-0.5757259774617239,13.153700075308345,1.5701085320212238,0.6156800206633556,-0.5655995077421149,0.0027524416661957817,13.29728453449325
0.07547547547547548,-0.5749345750133409,13.126385472284118,1.5686429476318537,0.621815002255841,-0.571970794611808,0.0027581017830427394,13.2699961346687
0.07612612612612613,-0.5741415831810264,13.099076084251319,1.5671762825279638,0.6279665841901211,-0.578373001669318,0.0027637841024777377,13.242713121907038
0.07677677677677677,-0.5733470025703601,13.071771909196663,1.5657085363465064,0.6341348653873494,-0.5848063142460104,0.0027694887551203066,13.215435495931485
0.07742742742742743,-0.5725508337865486,13.04447294510803,1.5642397087246775,0.6403199455491624,-0.5912709191316233,0.0027752158726131325,13.188163256481227
0.07807807807807808,-0.5717530774344252,13.01717918997446,1.5627697992999157,0.6465219251654143,-0.5977670045886166,0.002780965587632067,13.16089640331153
0.07872872872872873,-0.5709537341184496,12.989890641786165,1.5612988077099024,0.6527409055219631,-0.6042947603666821,0.0027867380338962395,13.133634936193918
0.07937937937937938,-0.5701528044427089,12.962607298534511,1.559826733592562,0.6589769887086343,-0.61085437771743,0.002792533346178305,13.1063788549163
0.08003003003003004,-0.5693502890109162,12.935329158212031,1.5583535765860619,0.6652302776270843,-0.6174460494092465,0.0027983516603147995,13.079128159283133
0.08068068068068068,-0.5685461884264119,12.908056218812423,1.5568793363288123,0.6715008759990433,-0.62406996974233,0.0028041931132166214,13.051882849115565
0.08133133133133133,-0.567740503292163,12.880788478330546,1.5554040124594661,0.6777888883743816,-0.6307263345639039,0.0028100578428796384,13.024642924251602
0.08198198198198198,-0.5669332343558116,12.853525934354865,1.553927604442452,0.684094420924111,-0.6374153420555254,0.0028159459884807784,12.997408384152262
0.08263263263263264,-0.5661243833641888,12.826268581667085,1.5524501105385775,0.6904175860917298,-0.6441371973229696,0.0028218576908954343,12.970179225581733
0.08328328328328329,-0.5653139511495447,12.79901641762002,1.5509715301057958,0.6967584922627045,-0.6508921022475577,0.0028277930915849743,12.942955447806739
0.08393393393393393,-0.5645019382952156,12.771769440266073,1.5494918628010663,0.7031172473424417,-0.6576802590013632,0.002833752332993694,12.915737050786735
0.0845845845845846,-0.5636883453842841,12.744527647658444,1.5480111082815091,0.7094939601072348,-0.6645018713824659,0.002839735558705828,12.888524034498468
0.08523523523523524,-0.5628731729995805,12.717291037851133,1.546529266204403,0.7158887402128891,-0.6713571448313,0.002845742913456933,12.861316398936154
0.08588588588588589,-0.5620564217236809,12.690059608898943,1.545046336227186,0.722301698203781,-0.678246286447192,0.0028517745431454115,12.834114144111627
0.08653653653653653,-0.5612380921389085,12.66283335885747,1.5435623180074562,0.7287329455218139,-0.6851695050050934,0.0028578305948441713,12.806917270054521
0.0871871871871872,-0.5604181848273332,12.635612285783115,1.5420772112029706,0.7351825945155528,-0.6921270109725292,0.0028639112168124215,12.779725776812446
0.08783783783783784,-0.5595967003707717,12.608396387733071,1.5405910154716456,0.7416507584494098,-0.6991190165267386,0.002870016558507619,12.75253966445115
0.08848848848848849,-0.5587736393507872,12.581185662765341,1.5391037304715576,0.7481375515130585,-0.7061457355720294,0.00287614677059755,12.725358933054714
0.08913913913913914,-0.5579490023486896,12.553980108938715,1.5376153558609416,0.7546430888307976,-0.7132073837573496,0.0028823020049725647,12.698183582725704
0.0897897897897898,-0.5571227899455358,12.52677972431279,1.5361258912981925,0.7611674864712706,-0.7203041784940599,0.0028884824147579523,12.671013613585385
0.09044044044044044,-0.5562950027221291,12.499584506947961,1.5346353364418648,0.7677108614569823,-0.7274363389739359,0.0028946881543264764,12.643849025773877
0.09109109109109109,-0.5554656412590198,12.472394454905421,1.5331436909506715,0.7742733317742979,-0.734604086187386,0.0029009193793110536,12.61668981945035
0.09174174174174174,-0.5546347061365046,12.445209566247161,1.5316509544834862,0.7808550163832142,-0.7418076429418874,0.0029071762466175905,12.589535994793218
0.0923923923923924,-0.553802197934627,12.418029839035976,1.5301571266993412,0.7874560352275116,-0.74904723388066,0.0029134589144379753,12.562387552000326
0.09304304304304305,-0.5529681172331775,12.390855271335454,1.528662207257428,0.7940765092449322,-0.7563230855015637,0.0029197675422632328,12.535244491289133
0.0936936936936937,-0.552132464611693,12.363685861209985,1.5271661958170986,0.8007165603774336,-0.7636354261762237,0.0029261022908968373,12.508106812896914
0.09434434434434434,-0.5512952406494571,12.33652160672476,1.5256690920378628,0.8073763115816719,-0.7709844861694078,0.002932463322468186,12.480974517080963
0.094994994994995,-0.5504564459255004,12.309362505945767,1.5241708955793913,0.8140558868395873,-0.7783704976586256,0.0029388508004462416,12.453847604118785
0.09564564564564565,-0.5496160810185998,12.282208556939793,1.5226716061015133,0.8207554111690389,-0.7857936947539866,0.0029452648896533457,12.426726074308304
0.0962962962962963,-0.5487741465072792,12.255059757774426,1.521171223264218,0.8274750106347213,-0.793254313518293,0.002951705756279198,12.399609927968056
0.09694694694694694,-0.5479306429698093,12.22791610651805,1.5196697467276534,0.8342148123590538,-0.8007525919873959,0.0029581735678950085,12.37249916543741
0.0975975975975976,-0.5470855709842071,12.200777601239851,1.5181671761521274,0.8409749445333262,-0.8082887701907918,0.002964668493467829,12.345393787076777
0.09824824824824825,-0.5462389311282367,12.173644240009814,1.516663511198107,0.8477555364289698,-0.8158630901724884,0.0029711907033750594,12.318293793267806
0.0988988988988989,-0.5453907239794089,12.146516020898723,1.515158751526219,0.8545567184089569,-0.823475796012126,0.002977740369419135,12.291199184413626
0.09954954954954955,-0.5445409501149809,12.11939294197816,1.5136528967972491,0.8613786219392252,-0.8311271338463685,0.002984317664842399,12.26410996093904
0.1002002002002002,-0.5436896101119568,12.092275001320505,1.5121459466721427,0.868221379600535,-0.8388173518905594,0.0029909227643421595,12.237026123290754
0.10085085085085085,-0.5428367045470875,12.065162196998942,1.510637900812005,0.8750851251001484,-0.8465467004606525,0.002997555844085932,12.20994767193761
0.1015015015015015,-0.5419822339968706,12.038054527087452,1.5091287588780997,0.8819699932839148,-0.8543154319954265,0.0030042170817268787,12.1828746073708
0.10215215215215215,-0.5411261990375501,12.01095198966081,1.5076185205318504,0.8888761201483069,-0.8621238010789714,0.0030109066564194408,12.155806930104099
0.10280280280280281,-0.5402686002451171,11.983854582794597,1.5061071854348405,0.8958036428528114,-0.8699720644634633,0.0030176247488351627,12.128744640674098
0.10345345345345346,-0.5394094381953093,11.956762304565194,1.5045947532488122,0.9027526997323465,-0.8778604810922358,0.0030243715411787213,12.101687739640443
0.1041041041041041,-0.5385487134636109,11.929675153049773,1.5030812236356672,0.9097234303098309,-0.885789312123139,0.0030311472172041575,12.074636227586062
0.10475475475475476,-0.537686426625253,11.902593126326313,1.5015665962574671,0.9167159753089832,-0.8937588209521952,0.0030379519622313117,12.04759010511742
0.10540540540540541,-0.5368225782552136,11.875516222473589,1.5000508707764324,0.9237304766672463,-0.9017692732375667,0.0030447859631624673,12.020549372864753
0.10605605605605606,-0.5359571689282171,11.848444439571175,1.4985340468549428,0.9307670775489437,-0.9098209369238237,0.0030516494084992084,11.993514031482327
0.1067067067067067,-0.5350901992187346,11.821377775699444,1.4970161241555386,0.9378259223584839,-0.9179140822665214,0.0030585424883594944,11.96648408164867
0.10735735735735737,-0.5342216697009841,11.79431622893957,1.495497102340918,0.9449071567538471,-0.9260489818571095,0.003065465394494945,11.939459524066846
0.10800800800800801,-0.5333515809489302,11.767259797373525,1.4939769810739394,0.9520109276601967,-0.934225910648144,0.003072418320308356,11.912440359464698
0.10865865865865866,-0.5324799335362843,11.740208479084082,1.492455760017621,0.959137383283646,-0.9424451459788352,0.0030794014608714333,11.885426588595124
0.10930930930930931,-0.5316067280365044,11.713162272154808,1.4909334388351392,0.9662866731253279,-0.9507069676009335,0.0030864150129427587,11.858418212236318
0.10995995995995997,-0.5307319650227954,11.686121174670074,1.489410017189831,0.9734589479954412,-0.9590116577049347,0.0030934591749859847,11.831415231192059
0.11061061061061062,-0.5298556450681087,11.65908518471505,1.4878854947451925,0.9806543600277021,-0.9673595009466419,0.003100534147188265,11.804417646291977
0.11126126126126126,-0.5289777687451424,11.632054300375703,1.4863598711648787,0.9878730626938229,-0.9757507844740699,0.0031076401314789268,11.777425458391816
0.11191191191191191,-0.5280983366263415,11.6050285197388,1.4848331461127044,0.9951152108182693,-0.9841857979546961,0.003114777331548379,11.750438668373725
0.11256256256256257,-0.5272173492838976,11.578007840891908,1.483305319252644,1.0023809605931706,-0.9926648336030759,0.0031219459528672726,11.723457277146535
0.11321321321321322,-0.526334807289749,11.550992261923392,1.4817763902488308,1.0096704695934604,-1.001188186208817,0.0031291462027059035,11.69648128564605
0.11386386386386387,-0.5254507112155808,11.52398178092242,1.480246358765558,1.016983896792192,-1.0097561531649224,0.003136378290153877,11.669510694835326
0.11451451451451451,-0.5245650616328248,11.49697639597895,1.4787152244672783,1.0243214025760365,-1.0183690344965095,0.003143642426140024,11.642545505704968
0.11516516516516517,-0.5236778591126592,11.469976105183747,1.477182987018603,1.0316831487611329,-1.0270271328899083,0.0031509388234525777,11.615585719273435
0.11581581581581582,-0.5227891042260094,11.442980906628378,1.4756496460843036,1.0390692986088643,-1.0357307537221414,0.003158267696759617,11.588631336587333
0.11646646646646647,-0.5218987975435472,11.415990798405199,1.4741152013293106,1.0464800168421422,-1.0444802050908004,0.0031656292626297826,11.561682358721718
0.11711711711711711,-0.5210069396356912,11.389005778607372,1.4725796524187145,1.053915469661742,-1.053275797844317,0.003173023739553258,11.534738786780414
0.11776776776776778,-0.5201135310726068,11.362025845328857,1.471042999017764,1.061375824762944,-1.0621178456126434,0.003180451347963035,11.507800621896319
0.11841841841841842,-0.5192185724242059,11.335050996664416,1.4695052407918687,1.0688612513522746,-1.0710066648383305,0.003187912310256456,11.480867865231733
0.11906906906906907,-0.5183220642601472,11.308081230709602,1.4679663774065967,1.0763719201646318,-1.0799425748080376,0.0031954068508170505,11.453940517978658
0.11971971971971972,-0.5174240071498363,11.281116545560776,1.4664264085276755,1.0839080034804849,-1.0889258976844558,0.0032029351960366492,11.42701858135915
0.12037037037037038,-0.5165244016624251,11.254156939315093,1.4648853338209922,1.0914696751435586,-1.097956958538661,0.0032104975743378044,11.40010205662563
0.12102102102102102,-0.5156232483668127,11.227202410070511,1.4633431529525938,1.0990571105783389,-1.1070360853829055,0.0032180942161965024,11.373190945061237
0.12167167167167167,-0.5147205478316447,11.200252955925782,1.4617998655886857,1.1066704868082904,-1.1161636092038583,0.003225725354165188,11.346285247980145
0.12232232232232232,-0.513816300625313,11.173308574980462,1.4602554713956335,1.114309982474,-1.125339863996281,0.0032333912228960874,11.319384966727927
0.12297297297297298,-0.5129105073159571,11.146369265334902,1.4587099700399617,1.1219757778516477,-1.1345651867971784,0.0032410920591648524,11.292490102681901
0.12362362362362363,-0.5120031684714623,11.119435025090258,1.457163361188355,1.1296680548718363,-1.1438399177203962,0.003248828101894525,11.265600657251468
0.12427427427427427,-0.5110942846594613,11.092505852348479,1.4556156445076565,1.137386997138548,-1.1531643999917078,0.003256599592179814,11.238716631878495
0.12492492492492493,-0.5101838564473331,11.065581745212317,1.4540668196648694,1.145132789948405,-1.162538979984366,0.0032644067733117164,11.211838028037656
0.12557557557557558,-0.5092718844022035,11.03866270178532,1.4525168863271563,1.1529056203101853,-1.1719640072551498,0.0032722498908024592,11.184964847236811
0.12622622622622623,-0.5083583690909451,11.011748720171841,1.4509658441618385,1.160705676964747,-1.1814398345809067,0.0032801291924107845,11.158097091017392
0.12687687687687688,-0.5074433110801773,10.984839798477026,1.4494136928363974,1.1685331504049494,-1.19096681799559,0.003288044928167586,11.13123476095475
0.12752752752752752,-0.5065267109362659,10.957935934806823,1.447860432018474,1.176388232896112,-1.2005453168278104,0.003295997350401884,11.104377858658573
0.12817817817817817,-0.5056085692253235,10.93103712726798,1.446306061375868,1.1842711184966743,-1.2101756937389163,0.003303986713767163,11.07752638577325
0.12882882882882885,-0.5046888865132096,10.904143373968038,1.444750580576539,1.192182003079061,-1.2198583147615838,0.00331201327526807,11.050680343978284
0.1294794794794795,-0.5037676633655306,10.877254673015347,1.4431939892886056,1.2001210843509276,-1.2295935493389578,0.0033200772942874788,11.023839734988677
0.13013013013013014,-0.5028449003476388,10.85037102251905,1.4416362871803465,1.208088561876788,-1.2393817703643246,0.0033281790326139217,10.997004560555354
0.1307807807807808,-0.5019205980246342,10.823492420589092,1.4400774739201994,1.2160846370996685,-1.2492233542213502,0.003336318754469414,10.970174822465554
0.13143143143143143,-0.5009947569613626,10.796618865336214,1.438517549176761,1.2241095133634472,-1.259118680824875,0.0033444967265376475,10.943350522543264
0.13208208208208208,-0.5000673777224174,10.76975035487196,1.436956512618788,1.2321633959350928,-1.2690681336622767,0.0033527132179925843,10.916531662649637
0.13273273273273273,-0.49913846087213787,10.742886887308664,1.4353943639151963,1.240246492027616,-1.2790720998354181,0.0033609685005274482,10.889718244683412
0.13338338338338337,-0.49820800697461065,10.716028460759475,1.4338311027350612,1.2483590108231462,-1.2891309701031861,0.0033692628483841117,10.862910270581368
0.13403403403403405,-0.49727601659366866,10.689175073338326,1.4322667287476176,1.2565011634961891,-1.2992451389246262,0.003377596538382904,10.836107742318752
0.1346846846846847,-0.49634249029289185,10.66232672315996,1.4307012416222598,1.264673163237595,-1.3094150045026922,0.003385969849952828,10.809310661909732
0.13533533533533534,-0.4954074286356066,10.635483408339915,1.4291346410285408,1.2728752252785778,-1.319640968828612,0.0033943830651622067,10.782519031407848
0.135985985985986,-0.49447083218488624,10.608645126994524,1.4275669266361741,1.2811075669151168,-1.3299234377268823,0.0034028364687497567,10.75573285290647
0.13663663663663664,-0.49353270150355066,10.581811877240927,1.425998098115032,1.2893704075328412,-1.340262820900908,0.0034113303481560966,10.728952128539282
0.13728728728728729,-0.49259303715416647,10.554983657197056,1.4244281551351463,1.2976639686321183,-1.350659531979291,0.0034198649935557085,10.702176860480735
0.13793793793793793,-0.491651839699047,10.528160464981648,1.422857097366708,1.305988473853625,-1.3611139885627788,0.003428440697889346,10.67540705094654
0.13858858858858858,-0.4907091097002525,10.501342298714235,1.4212849244800678,1.3143441490041738,-1.3716266122718899,0.0034370577568969022,10.648642702194152
0.13923923923923925,-0.48976484771958945,10.47452915651515,1.4197116361457358,1.3227312220831253,-1.3821978287952157,0.0034457164691507453,10.621883816523269
0.1398898898898899,-0.4888190543186116,10.447721036505527,1.4181372320343817,1.3311499233088486,-1.3928280679384288,0.0034544171360895294,10.59513039627633
0.14054054054054055,-0.487871730058619,10.420917936807294,1.4165617118168339,1.3396004851458718,-1.403517763673995,0.0034631600620524906,10.568382443839022
0.1411911911911912,-0.4869228755006587,10.394119855543185,1.414985075164081,1.348083142332387,-1.414267354191596,0.003471945554314226,10.54163996164081
0.14184184184184184,-0.4859724912055242,10.367326790836728,1.4134073217472702,1.3565981319078826,-1.425077281949295,0.003480773923119984,10.514902952155442
0.1424924924924925,-0.48502057773375584,10.340538740812251,1.4118284512377093,1.3651456932416166,-1.4359479937254374,0.003489645481721449,10.488171417901496
0.14314314314314314,-0.48406713564564074,10.313755703594882,1.4102484633068644,1.3737260680611645,-1.4468799406713173,0.0034985605464130506,10.461445361442916
0.14379379379379378,-0.4831121655012126,10.28697767731055,1.4086673576263615,1.3823395004815024,-1.4578735783646002,0.003507519436568793,10.434724785389557
0.14444444444444446,-0.4821556678602519,10.260204660085979,1.4070851338679857,1.390986237034599,-1.4689293668635424,0.0035165224746796214,10.408009692397744
0.1450950950950951,-0.4811976432822858,10.233436650048697,1.405501791703682,1.3996665266992872,-1.480047770761989,0.0035255699863913246,10.381300085170835
0.14574574574574575,-0.48023809232658826,10.206673645327026,1.4039173308055546,1.4083806209317977,-1.4912292592451983,0.003534662300542996,10.354595966459794
0.1463963963963964,-0.4792770155521798,10.179915644050093,1.4023317508458668,1.4171287736964706,-1.502474306146479,0.0035437997492060473,10.327897339063773
0.14704704704704705,-0.4783144135178278,10.153162644347818,1.4007450514970419,1.4259112414972037,-1.5137833900046629,0.003552982667723802,10.301204205830697
0.1476976976976977,-0.47735028678204616,10.126414644350925,1.3991572324316617,1.4347282834091573,-1.5251569941224408,0.0035622113947516606,10.274516569657868
0.14834834834834834,-0.4763846359030958,10.099671642190936,1.3975682933224687,1.4435801611111196,-1.536595606625545,0.0035714862722978557,10.247834433492574
0.14899899899899902,-0.475417461438984,10.072933636000169,1.3959782338423634,1.4524671389181765,-1.5480997205228382,0.0035808076457648163,10.221157800332694
0.14964964964964966,-0.4744487639474651,10.046200623911744,1.3943870536644072,1.4613894838150188,-1.5596698337672712,0.0035901758639911275,10.19448667322734
0.1503003003003003,-0.47347854398603983,10.019472604059583,1.3927947524618194,1.4703474654896818,-1.57130644931778,0.0035995912792941244,10.16782105527748
0.15095095095095096,-0.4725068021119558,9.992749574578404,1.39120132990798,1.479341356367844,-1.5830100752020844,0.0036090542475131072,10.141160949636593
0.1516016016016016,-0.47153353888220734,9.96603153360372,1.3896067856764274,1.4883714316475591,-1.5947812245804565,0.0036185651280532063,10.114506359511306
0.15225225225225225,-0.4705587548535354,9.939318479271854,1.38801111944086,1.4974379693346744,-1.6066204158104263,0.0036281242839298904,10.087857288162088
0.1529029029029029,-0.4695824505824277,9.912610409719916,1.3864143308751355,1.5065412502786313,-1.6185281725124805,0.003637732081814154,10.061213738903886
0.15355355355355355,-0.4686046266251187,9.885907323085823,1.3848164196532713,1.5156815582089012,-1.6305050236367493,0.003647388892078361,10.03457571510685
0.15420420420420422,-0.4676252835375895,9.859209217508287,1.3832173854494432,1.5248591797719824,-1.6425515035307117,0.0036570950888427964,10.007943220196998
0.15485485485485487,-0.466644421875568,9.832516091126827,1.3816172279379877,1.5340744045689307,-1.6546681520079154,0.0036668510500228986,9.981316257656946
0.15550550550550551,-0.4656620421945287,9.805827942081748,1.3800159467934,1.5433275251934744,-1.6668555144177681,0.0036766571573772235,9.9546948310266
0.15615615615615616,-0.46467814504969296,9.779144768514168,1.3784135416903345,1.5526188372707923,-1.6791141417163757,0.0036865137965561134,9.928078943903907
0.1568068068068068,-0.4636927309960287,9.752466568565996,1.3768100123036056,1.5619486394967488,-1.6914445905384765,0.0036964213571511156,9.90146859994558
0.15745745745745746,-0.46270580058825056,9.725793340379937,1.3752053583081867,1.5713172336779941,-1.703847423270479,0.0037063802327451495,9.874863802867852
0.1581081081081081,-0.46171735438082,9.69912508209951,1.3735995793792108,1.5807249247722943,-1.7163232081246207,0.0037163908209634244,9.848264556447253
0.15875875875875875,-0.46072739292794523,9.672461791869013,1.3719926751919704,1.5901720209299794,-1.7288725192142813,0.0037264535235251614,9.82167086452135
0.15940940940940942,-0.45973591678358094,9.64580346783356,1.3703846454219173,1.5996588335355464,-1.7414959366304508,0.0037365687462960705,9.795082730989574
0.16006006006006007,-0.4587429265014288,9.619150108139056,1.3687754897446625,1.6091856772504038,-1.7541940465193937,0.003746736899341661,9.768500159813993
0.16071071071071072,-0.45774842263493687,9.592501710932206,1.3671652078359766,1.6187528700558242,-1.7669674411615155,0.003756958396981359,9.741923155020126
0.16136136136136137,-0.45675240573730025,9.565858274360517,1.36555379937179,1.6283607332970125,-1.7798167190514607,0.003767233657843454,9.715351720697782
0.162012012012012,-0.4557548763614606,9.53921979657229,1.3639412640281916,1.6380095917275068,-1.7927424849794669,0.0037775631049209043,9.688785861001875
0.16266266266266266,-0.45475583506010636,9.512586275716634,1.3623276014814305,1.6476997735544694,-1.8057453501139895,0.003787947165627995,9.662225580153299
0.1633133133133133,-0.4537552823856725,9.485957709943445,1.3607128114079148,1.6574316104848186,-1.818825932085629,0.003798386271857891,9.635670882439761
0.16396396396396395,-0.4527532188903409,9.459334097403431,1.3590968934842123,1.6672054377717394,-1.8319848550723739,0.00380888086004106,9.609121772216696
0.16461461461461463,-0.45174964512604004,9.432715436248088,1.35747984738705,1.677021594262291,-1.8452227498862,0.0038194313712046324,9.582578253908125
0.16526526526526528,-0.4507445616444452,9.406101724629718,1.3558616727933144,1.6868804224457008,-1.8585402540610332,0.0038300382510326743,9.556040332007578
0.16591591591591592,-0.44973796899697827,9.379492960701421,1.3542423693800514,1.6967822685021914,-1.8719380119421147,0.003840701949927403,9.52950801107902
0.16656656656656657,-0.448729867734808,9.352889142617096,1.3526219368244663,1.7067274823529794,-1.8854166747767822,0.003851422923071377,9.502981295757767
0.16721721721721722,-0.4477202584088496,9.32629026853144,1.3510003748039237,1.716716417710782,-1.8989769008067068,0.00386220163049065,9.476460190751453
0.16786786786786786,-0.44670914156976527,9.29969633659995,1.3493776829959478,1.7267494321313435,-1.9126193553615984,0.0038730385371189362,9.449944700840982
0.1685185185185185,-0.44569651776796376,9.273107344978921,1.3477538610782223,1.7368268870656447,-1.9263447109544225,0.0038839341128627746,9.423434830881524
0.1691691691691692,-0.4446823875536005,9.246523291825447,1.34612890872859,1.7469491479130848,-1.940153647378143,0.003894888832667742,9.396930585803501
0.16981981981981983,-0.44366675147657786,9.219944175297428,1.344502825625053,1.7571165840754468,-1.9540468518040226,0.003905903176585711,9.370431970613609
0.17047047047047048,-0.44264961008654463,9.193369993553553,1.3428756114457736,1.767329569011833,-1.96802501888152,0.003916977629843185,9.343938990395836
0.17112112112112113,-0.44163096393289647,9.166800744753315,1.3412472658690726,1.7775884802944895,-1.9820888508398002,0.003928112682910718,9.317451650312519
0.17177177177177178,-0.4406108135647757,9.140236427057008,1.3396177885734306,1.787893699665472,-1.9962390575908968,0.003939308831573455,9.290969955605405
0.17242242242242242,-0.43958915953107147,9.113677038625724,1.3379871792374878,1.798245613094353,-2.010476356834552,0.0039505665770028,9.264493911596738
0.17307307307307307,-0.43856600238041943,9.08712257762135,1.3363554375400435,1.8086446108367948,-2.024801474164776,0.0039618864258292455,9.238023523690337
0.17372372372372372,-0.43754134266120215,9.060573042206578,1.3347225631600563,1.8190910874942425,-2.0392151431781476,0.003973268890216365,9.211558797372744
0.1743743743743744,-0.4365151809215486,9.034028430544893,1.3330885557766448,1.8295854420744053,-2.0537181055838856,0.003984714487936017,9.18509973821434
0.17502502502502504,-0.435487517709335,9.007488740800587,1.3314534150690864,1.8401280780529847,-2.06831111131575,0.0039962237424447595,9.158646351870507
0.17567567567567569,-0.4344583535721839,8.980953971138748,1.3298171407168182,1.8507194034362426,-2.082994918645776,0.0040077971829615144,9.132198644082798
0.17632632632632633,-0.4334276890574644,8.954424119725259,1.3281797323994369,1.8613598308247392,-2.097770294299896,0.004019435344546497,9.105756620680134
0.17697697697697698,-0.4323955247122927,8.927899184726806,1.3265411897966979,1.8720497774781149,-2.1126380135754816,0.004031138768181433,9.079320287580018
0.17762762762762763,-0.4313618610835316,8.901379164310876,1.324901512588517,1.8827896653809655,-2.127598860460834,0.004042908000851093,9.052889650789766
0.17827827827827827,-0.4303266987177904,8.874864056645752,1.3232607004549686,1.893579921309838,-2.142653627756687,0.00405474359562617,9.02646471640777
0.17892892892892892,-0.4292900381614253,8.848353859900513,1.3216187530762868,1.904420976901371,-2.1578031171997156,0.004066646111747522,9.00004549062476
0.1795795795795796,-0.42825187996053915,8.821848572245045,1.3199756701328653,1.915313268721629,-2.173048139588141,0.004078616114711797,8.973631979725122
0.18023023023023024,-0.42721222466098174,8.795348191850028,1.3183314513052569,1.9262572383365604,-2.188389514909434,0.00409065417635849,8.947224190088198
0.1808808808808809,-0.4261710728083492,8.768852716886947,1.316686096274174,1.9372533323837495,-2.203828072470176,0.004102760874958445,8.920822128189645
0.18153153153153154,-0.42512842494798464,8.742362145528075,1.3150396047204882,1.9483020026452895,-2.219364651028122,0.004114936795303816,8.894425800602784
0.18218218218218218,-0.4240842816249777,8.715876475946494,1.3133919763252309,1.9594037061220548,-2.2350000989264913,0.004127182528799549,8.868035214000006
0.18283283283283283,-0.42303864338416475,8.689395706316084,1.3117432107695925,1.9705589051092212,-2.2507352742305504,0.004139498673556382,8.841650375154178
0.18348348348348348,-0.4219915107701291,8.66291983481152,1.310093307734923,1.9817680672729274,-2.2665710448665273,0.004151885834485412,8.815271290940068
0.18413413413413413,-0.42094288432720056,8.63644885960828,1.308442266902732,1.9930316657285705,-2.282508288762885,0.004164344623394256,8.788897968335828
0.1847847847847848,-0.41989276459945557,8.609982778882635,1.306790087954688,2.0043501791202925,-2.298547893994041,0.004176875659084822,8.762530414424468
0.18543543543543545,-0.4188411521307176,8.583521590811664,1.3051367705726196,2.015724091701742,-2.314690758926535,0.0041894795674527535,8.736168636395373
0.1860860860860861,-0.41778804746455656,8.557065293573242,1.3034823144385141,2.02715389341864,-2.3309377923677244,0.004202156981588541,8.709812641545845
0.18673673673673674,-0.41673345114428917,8.53061388534604,1.3018267192345185,2.038640079992341,-2.347289913717063,0.004214908541880366,8.683462437282664
0.1873873873873874,-0.4156773637129787,8.50416736430953,1.3001699846429395,2.0501831530052756,-2.363748053119973,0.004227734896118701,8.657118031123678
0.18803803803803804,-0.41461978571343555,8.477725728643989,1.298512110346243,2.061783619987586,-2.3803131516244216,0.004240636699602679,8.63077943069945
0.18868868868868868,-0.4135607176882164,8.45128897653048,1.296853096027054,2.0734419945055236,-2.3969861613402106,0.0042536146152483125,8.60444664375487
0.18933933933933936,-0.41250016017962465,8.424857106150874,1.2951929413681573,2.0851587962513416,-2.4137680456010484,0.004266669313698553,8.578119678150864
0.18998998998999,-0.41143811372971084,8.398430115687846,1.293531646052497,2.0969345511348463,-2.430659779129472,0.004279801473435253,8.551798541866104
0.19064064064064065,-0.41037457888027173,8.372008003324858,1.2918692097631768,2.1087697913763934,-2.4476623482046627,0.004293011780893074,8.525483242998721
0.1912912912912913,-0.4093095561728512,8.345590767246183,1.2902056321834592,2.1206650556019264,-2.4647767508332166,0.004306300930575345,8.499173789768111
0.19194194194194195,-0.4082430461487395,8.319178405636883,1.2885409129967669,2.1326208889393836,-2.482003996922942,0.004319669625171962,8.472870190516709
0.1925925925925926,-0.40717504934897375,8.292770916682828,1.2868750518866816,2.1446378431169904,-2.499345108459727,0.0043331185756793145,8.446572453711845
0.19324324324324324,-0.4061055663143378,8.266368298570677,1.2852080485369444,2.156716476563484,-2.5168011196875617,0.004346648501522336,8.42028058794759
0.1938938938938939,-0.4050345975853621,8.239970549487902,1.2835399026314556,2.168857354509792,-2.534373077291761,0.004360260130678657,8.393994601946687
0.19454454454454456,-0.403962143702324,8.213577667622758,1.2818706138542755,2.1810610490929694,-2.5520620405854633,0.004373954199804979,8.367714504562457
0.1951951951951952,-0.4028882052052474,8.187189651164315,1.2802001818896236,2.1933281394618476,-2.5698690816994785,0.004387731454365638,8.341440304780798
0.19584584584584586,-0.40181278263390285,8.160806498302431,1.2785286064218784,2.2056592118845586,-2.58779528577555,0.004401592648763463,8.31517201172217
0.1964964964964965,-0.40073587652780795,8.134428207227769,1.2768558871355782,2.2180548598582805,-2.6058417511630867,0.0044155385464729425,8.288909634643652
0.19714714714714715,-0.39965748742622675,8.108054776131786,1.2751820237154206,2.230515684220683,-2.6240095896194724,0.004429569920175758,8.262653182941014
0.1977977977977978,-0.39857761586816987,8.081686203206743,1.2735070158462625,2.2430422932637883,-2.642299926513992,0.004443687551898725,8.23640266615085
0.19844844844844844,-0.3974962623923949,8.0553224866457,1.2718308632131206,2.2556353028496985,-2.6607139010354732,0.004457892233154208,8.210158093952723
0.1990990990990991,-0.39641342753740605,8.028963624642513,1.2701535655011706,2.2682953365286767,-2.679252666403717,0.00447218476508304,8.183919476171376
0.19974974974974977,-0.39532911184145425,8.002609615391837,1.268475122395748,2.2810230256591733,-2.697917390084793,0.004486565958600019,8.157686822778953
0.2004004004004004,-0.3942433158425372,7.976260457089133,1.266795533582347,2.2938190095304396,-2.71670925401028,0.004501036634542007,8.131460143897307
0.20105105105105106,-0.39315604007839916,7.949916147930653,1.2651147987466222,2.3066839354871824,-2.73562945480055,0.004515597623818724,8.105239449800298
0.2017017017017017,-0.3920672850865313,7.923576686113449,1.2634329175743868,2.3196184590567843,-2.7546792039921675,0.004530249767566254,8.079024750916172
0.20235235235235235,-0.3909770514041714,7.8972420698353805,1.2617498897516137,2.3326232440787154,-2.77385972826949,0.00454499391730335,8.052816057829979
0.203003003003003,-0.3898853395683038,7.870912297295098,1.2600657149644354,2.3456989628366154,-2.79317226970058,0.004559830935090586,8.026613381286012
0.20365365365365365,-0.3887921501156597,7.844587366692048,1.2583803928991435,2.358846296192791,-2.8126180859775056,0.0045747616936924005,8.000416732190319
0.2043043043043043,-0.3876974835827173,7.81826727622649,1.2566939232421892,2.3720659337253127,-2.8321984506611155,0.00458978707674212,7.974226121613264
0.20495495495495497,-0.3866013405057008,7.79195202409947,1.2550063056801828,2.3853585738677308,-2.8519146534304185,0.004604907978910016,7.9480415607921095
0.20560560560560562,-0.3855037214205818,7.765641608512839,1.2533175398998944,2.3987249240514585,-2.871768000336623,0.004620125306074438,7.921863061133674
0.20625625625625627,-0.38440462686307836,7.739336027669243,1.2516276255882537,2.412165700851039,-2.891759814061982,0.00463543997549613,7.895690634217027
0.2069069069069069,-0.383304057368655,7.713035279772131,1.249936562432349,2.4256816301321016,-2.911891434183523,0.004650852915995755,7.869524291796246
0.20755755755755756,-0.3822020134725235,7.6867393630257554,1.2482443501194291,2.439273447202147,-2.932164217441764,0.0046663650681347275,7.8433640458032166
0.2082082082082082,-0.3810984957096418,7.660448275635153,1.2465509883369008,2.4529418969644854,-2.9525795380145623,0.004681977384399421,7.817209908350477
0.20885885885885885,-0.3799935046147149,7.634162015806176,1.2448564767723318,2.4666877340750264,-2.9731387877961457,0.004697690829388783,7.791061891734163
0.20950950950950953,-0.3788870407221943,7.607880581745466,1.2431608151134481,2.480511723102118,-2.9938433766815256,0.004713506380005513,7.7649200084369445
0.21016016016016018,-0.3777791045662784,7.581603971660465,1.2414640030481356,2.4944146386897006,-3.014694732856326,0.00472942502565079,7.738784271131072
0.21081081081081082,-0.37666969668091227,7.555332183759425,1.2397660402644402,2.5083972657236075,-3.035694303092201,0.004745447768422684,7.712654692681466
0.21146146146146147,-0.3755588175997875,7.52906521625138,1.2380669264505655,2.5224603995010035,-3.056843553047979,0.00476157562331833,7.686531286148838
0.21211211211211212,-0.3744464678563426,7.502803067346172,1.2363666612948765,2.536604845903556,-3.0781439675765787,0.004777809618439905,7.660414064792932
0.21276276276276276,-0.37333264798376276,7.476545735254443,1.2346652444858957,2.550831421573717,-3.0995970510379465,0.004794150795204537,7.634303042075777
0.2134134134134134,-0.37221735851497983,7.450293218187634,1.232962675712307,2.565140954094638,-3.121204327618028,0.00481060020855821,7.608198231665031
0.21406406406406406,-0.37110059998267225,7.424045514357979,1.2312589546629522,2.579534282173933,-3.1429673416540336,0.004827158927193761,7.582099647437377
0.21471471471471473,-0.3699823729192655,7.397802621978521,1.229554081026833,2.5940122558307688,-3.1648876579660166,0.004843828033773043,7.556007303482007
0.21536536536536538,-0.36886267785693155,7.371564539263096,1.2278480544931107,2.6085757365869786,-3.1869668621950082,0.004860608625153376,7.529921214104148
0.21601601601601603,-0.36774151532758903,7.345331264426339,1.2261408747511058,2.6232255976620698,-3.2092065611478047,0.0048775018126183504,7.503841393828681
0.21666666666666667,-0.3666188858629035,7.319102795683689,1.2244325414902983,2.6379627241720947,-3.2316083831485694,0.004894508722113102,7.477767857403821
0.21731731731731732,-0.36549478999428686,7.292879131251376,1.2227230544003276,2.652788013332625,-3.254173978397423,0.00491163049448414,7.4517006198048765
0.21796796796796797,-0.3643692282528982,7.266660269346439,1.221012413170992,2.667702374665916,-3.276905019336154,0.004928868285723851,7.425639696238088
0.21861861861861862,-0.3632422011696429,7.2404462081867065,1.21930061749225,2.682706730212327,-3.2998032010212404,0.004946223267219767,7.399585102144525
0.21926926926926926,-0.3621137092751734,7.214236945990814,1.2175876670542194,2.6978020147460904,-3.3228702415043285,0.004963696626008702,7.373536853204097
0.21991991991991994,-0.36098375309988845,7.188032480978192,1.215873561547177,2.712989175995557,-3.346107882220378,0.004981289565035899,7.347494965339609
0.22057057057057058,-0.35985233317393384,7.161832811369069,1.214158300661559,2.728269174868075,-3.3695178883836006,0.004999003303419246,7.32145945472093
0.22122122122122123,-0.3587194500272022,7.13563793538448,1.212441884087962,2.743642985679474,-3.393102049391415,0.005016839076718729,7.295430337769232
0.22187187187187188,-0.3575851041893323,7.109447851246252,1.2107243115171402,2.7591115963883555,-3.416862179236608,0.005034798137211222,7.269407631161309
0.22252252252252253,-0.3564492961897102,7.08326255717701,1.209005582640009,2.7746760088353994,-3.440800116927844,0.005052881754170713,7.243391351834009
0.22317317317317317,-0.3553120265574683,7.057082051400184,1.2072856971476422,2.7903372389877323,-3.4649177269187925,0.005071091214154129,7.21738151698874
0.22382382382382382,-0.354173295821486,7.0309063321400025,1.2055646547312733,2.806096317188206,-3.489216899546019,0.0050894278212928615,7.191378144096078
0.22447447447447447,-0.35303310451038905,7.004735397621487,1.203842455082295,2.8219542884103257,-3.51369955147588,0.005107892897590145,7.165381250900451
0.22512512512512514,-0.35189145315255016,6.978569246070466,1.2021190978922598,2.837912212518445,-3.5383676261606163,0.005126487783224387,7.139390855424967
0.2257757757757758,-0.3507483422760889,6.952407875713562,1.2003945828528797,2.8539711645333536,-3.563223094303881,0.005145213836858642,7.11340697597629
0.22642642642642644,-0.3496037724088712,6.926251284778198,1.1986689096560252,2.8701322349039495,-3.588267954335929,0.005164072435956319,7.087429631149655
0.22707707707707708,-0.34845774407850993,6.900099471492598,1.1969420779937272,2.886396529784354,-3.6135042328986673,0.005183064977103301,7.061458839833978
0.22772772772772773,-0.3473102578123646,6.8739524340857825,1.1952140875581754,2.902765171317387,-3.638933985340857,0.005202192876336613,7.035494621217071
0.22837837837837838,-0.3461613141375415,6.847810170787576,1.1934849380417196,2.91923929792387,-3.664559296223659,0.005221457569479797,7.009536994790974
0.22902902902902902,-0.3450109135808932,6.821672679828593,1.191754629136868,2.9358200645984205,-3.690382279836839,0.005240860512485154,6.983585980357396
0.2296796796796797,-0.3438590566690198,6.795539959440253,1.190023160536289,2.9525086432116523,-3.716405080725792,0.005260403181782997,6.9576415980332795
0.23033033033033035,-0.3427057439282676,6.769412007854783,1.1882905319328103,2.969306222818997,-3.74262987422977,0.005280087074638099,6.9317038682564895
0.230980980980981,-0.3415509758847294,6.74328882330519,1.1865567430194188,2.9862140099763406,-3.7690588670314997,0.0052999137095135216,6.905772811791592
0.23163163163163164,-0.3403947530642453,6.717170404025297,1.1848217934892609,3.003233229062583,-3.7956942977184953,0.005319884626441945,6.879848449735814
0.2322822822822823,-0.33923707599240155,6.691056748249716,1.1830856830356424,3.020365122609399,-3.8225384373563727,0.00534000138740474,6.853930803525078
0.23293293293293293,-0.3380779451945315,6.6649478542138665,1.1813484113520285,3.037610951638326,-3.8495935900744347,0.0053602655767189256,6.828019894940213
0.23358358358358358,-0.3369173611957149,6.638843720153959,1.179609978132044,3.054971996005304,-3.8768620936638576,0.005380678801432229,6.802115746113262
0.23423423423423423,-0.33575532452077866,6.612744344307012,1.1778703830694728,3.072449554753138,-3.904346320188762,0.005401242691726404,6.776218379533971
0.2348848848848849,-0.33459183569429585,6.586649724910831,1.176129625858258,3.090044946471505,-3.9320486766105347,0.005421958901329076,6.750327818056368
0.23553553553553555,-0.33342689524058666,6.560559860204034,1.1743877061925034,3.1077595096656223,-3.959971605425667,0.005442829107934218,6.72444408490555
0.2361861861861862,-0.33226050368371784,6.534474748426031,1.1726446237664707,3.1255946031327233,-3.9881175853175277,0.005463855013631577,6.698567203684572
0.23683683683683684,-0.33109266154750283,6.50839438781703,1.1709003782745815,3.1435516063475126,-4.016489131822372,0.005485038345345195,6.672697198381503
0.2374874874874875,-0.3299233693555018,6.482318776618042,1.169154969411417,3.161631919856126,-4.045088798009934,0.005506380855281262,6.646834093376656
0.23813813813813814,-0.3287526276310217,6.456247913070874,1.1674083968717177,3.179836965679446,-4.0739191751790305,0.005527884321385543,6.62097791344996
0.23878878878878879,-0.3275804368971162,6.430181795418138,1.1656606603503836,3.19816818772523,-4.102982893568504,0.005549550547810606,6.595128683788516
0.23943943943943943,-0.32640679767658537,6.404120421903236,1.163911759542474,3.2166270522102547,-4.132282623083935,0.005571381365393099,6.569286429994301
0.2400900900900901,-0.3252317104919764,6.378063790770376,1.1621616941432076,3.235215048091908,-4.161821074040477,0.005593378632141302,6.543451178092067
0.24074074074074076,-0.3240551758655833,6.352011900264567,1.1604104638479629,3.253933687509902,-4.191600997922308,0.005615544233733231,6.517622954537429
0.2413913913913914,-0.32287719431944595,6.325964748631609,1.1586580683522767,3.272784506238371,-4.221625188159059,0.00563788008402556,6.491801786225092
0.24204204204204205,-0.321697766375352,6.299922334118108,1.1569045073518471,3.2917690641485526,-4.251896480919655,0.005660388125573597,6.465987700497327
0.2426926926926927,-0.32051689255483506,6.2738846549714635,1.1551497805425295,3.310888945682209,-4.28241775592412,0.005683070330162635,6.4401807251525955
0.24334334334334334,-0.31933457337917587,6.247851709439881,1.15339388762034,3.3301457603365168,-4.313191937273656,0.005705928699350912,6.4143808884544065
0.243993993993994,-0.3181508093694016,6.2218234957723615,1.151636828281454,3.349541143160137,-4.3442219942996205,0.005728965265024533,6.38858821914035
0.24464464464464464,-0.3169656010462864,6.195800012218706,1.149878602222206,3.3690767552614145,-4.375510942431824,0.005752182089964589,6.362802746431365
0.2452952952952953,-0.3157789489303508,6.169781257029511,1.14811920913909,3.3887542843283596,-4.407061844086662,0.005775581268426849,6.337024500041205
0.24594594594594596,-0.3145908535418624,6.143767228456177,1.1463586487287594,3.4085754451615835,-4.438877809575607,0.005799164926734258,6.311253510186152
0.2465965965965966,-0.3134013154008354,6.117757924750905,1.144596920688027,3.4285419802195465,-4.470961998034634,0.005822935223882668,6.285489807594928
0.24724724724724725,-0.31221033502703033,6.091753344166687,1.1428340247138655,3.4486556601773937,-4.503317618375084,0.005846894352160068,6.259733423518855
0.2478978978978979,-0.3110179129399552,6.065753484957325,1.1410699605034065,3.4689182844992774,-4.535947930256569,0.00587104453777965,6.233984389742277
0.24854854854854855,-0.30982404965886384,6.039758345377408,1.1393047277539403,3.4893316820244444,-4.568856245082525,0.005895388041527149,6.208242738593182
0.2491991991991992,-0.30862874570275756,6.0137679236823365,1.1375383261629182,3.509897711567902,-4.6020459270189455,0.005919927159422706,6.182508502954136
0.24984984984984987,-0.3074320015903839,5.987782218128301,1.13577075542795,3.5306182625357416,-4.635520394037035,0.005944664223397747,6.156781716273423
0.2505005005005005,-0.3062338178402374,5.961801226972297,1.1340020152468049,3.5514952555556003,-4.669283118980329,0.005969601601987163,6.131062412576508
0.25115115115115116,-0.30503419497055906,5.935824948472116,1.1322321053174116,3.572530643122976,-4.703337630657007,0.005994741701037263,6.105350626477726
0.2518018018018018,-0.3038331334993368,5.90985338088635,1.1304610253378584,3.593726410263291,-4.737687514958035,0.006020086964429866,6.079646393192298
0.25245245245245246,-0.30263063394430506,5.883886522474387,1.1286887750063925,3.615084575210749,-4.772336416001902,0.006045639874822979,6.0539497485486065
0.25310310310310313,-0.30142669682294515,5.857924371496416,1.1269153540214212,3.63660719010409,-4.807288037306617,0.006071402954408468,6.0282607290008
0.25375375375375375,-0.30022132265248513,5.831966926213433,1.1251407620815108,3.6582963416999728,-4.842546142989766,0.006097378765687192,6.002579371641689
0.2544044044044044,-0.29901451194989953,5.806014184887219,1.123364998885387,3.6801541521043517,-4.8781145589973915,0.006123569912262057,5.976905714215958
0.25505505505505505,-0.2978062652319099,5.780066145780369,1.1215880641319356,3.702182779522326,-4.9139971743624535,0.006149979039649433,5.951239795133726
0.2557057057057057,-0.29659658301498415,5.75412280715626,1.1198099575202,3.724384419027397,-4.950197942493789,0.006176608836109479,5.925581653484406
0.25635635635635634,-0.2953854658153373,5.7281841672790845,1.1180306787493857,3.746761303350046,-4.986720882496263,0.006203462033495784,5.899931329050967
0.257007007007007,-0.2941729141489307,5.702250224413824,1.1162502275188548,3.769315703686994,-5.023570080523198,0.006230541408124958,5.874288862324492
0.2576576576576577,-0.2929589285314726,5.676320976826265,1.1144686035281308,3.7920499305309683,-5.060749691161766,0.006257849781666591,5.848654294519145
0.2583083083083083,-0.29174350947841815,5.650396422782991,1.112685806476896,3.814966334522431,-5.098263938852438,0.006285390022054197,5.823027667587501
0.258958958958959,-0.29052665750496875,5.624476560551382,1.1109018360649916,3.8380673073230103,-5.136117119343393,0.006313165044417688,5.7974090242362575
0.2596096096096096,-0.2893083731260728,5.598561388399622,1.1091166919924194,3.8613552825122386,-5.1743136011808275,0.006341177812037933,5.7717984079423665
0.2602602602602603,-0.2880886568564256,5.572650904596689,1.1073303739593392,3.884832736507547,-5.212857827236321,0.006369431337324036,5.746195862969553
0.2609109109109109,-0.28686750921046883,5.546745107412369,1.1055428816660715,3.908502189508609,-5.251754316272145,0.006397928682813906,5.720601434385287
0.2615615615615616,-0.28564493070239083,5.520843995117234,1.1037542148130952,3.932366206466828,-5.291007664545788,0.006426672962198812,5.695015168078155
0.2622122122122122,-0.28442092184612705,5.494947565982669,1.101964373101049,3.9564273980804905,-5.330622547454642,0.00645566734137248,5.669437110775726
0.26286286286286287,-0.28319548315535925,5.469055818280845,1.1001733562307314,3.9806884218165655,-5.37060372122217,0.006484915039505515,5.6438673100628325
0.26351351351351354,-0.2819686151435162,5.443168750284741,1.0983811639030994,4.005151982960034,-5.41095602462665,0.0065144193301457315,5.618305814400381
0.26416416416416416,-0.2807403183237731,5.417286360268139,1.0965877958192705,4.029820835691307,-5.451684380773762,0.006544183542345182,5.592752673144613
0.26481481481481484,-0.27951059320905214,5.391408646505604,1.0947932516805206,4.054697784193084,-5.492793798914371,0.006574211061814603,5.567207936566875
0.26546546546546546,-0.27827944031202195,5.365535607272519,1.092997531188286,4.079785683787161,-5.534289376308657,0.006604505332105963,5.5416716558739525
0.26611611611611613,-0.2770468601450983,5.339667240845051,1.0912006340441613,4.105087442102329,-5.576176300138188,0.006635069855824016,5.516143883228884
0.26676676676676675,-0.27581285322044313,5.3138035455001775,1.0894025599499018,4.1306060202744606,-5.618459849467101,0.0066659081958675365,5.490624671772379
0.2674174174174174,-0.2745774200499652,5.287944519515667,1.0876033086074208,4.156344434179522,-5.661145397254073,0.006697023976701154,5.465114075644772
0.2680680680680681,-0.27334056114532046,5.262090161170092,1.0858028797187922,4.182305755700835,-5.704238412416417,0.006728420885658584,5.439612150008591
0.2687187187187187,-0.27210227701791123,5.236240468742825,1.0840012729862485,4.208493114031626,-5.747744461947956,0.006760102674278153,5.414118951071726
0.2693693693693694,-0.27086256817888626,5.210395440514031,1.0821984881121822,4.234909697013966,-5.791669213092254,0.006792073159671532,5.388634536111209
0.27002002002002,-0.2696214351391415,5.18455507476468,1.0803945247991449,4.26155875251521,-5.836018435572848,0.006824336225926576,5.363158963497673
0.2706706706706707,-0.26837887840931934,5.158719369776542,1.0785893827498474,4.2884435898436,-5.880798003882237,0.006856895825545275,5.337692292720444
0.2713213213213213,-0.2671348984998092,5.1328883238321845,1.076783061667161,4.3155675812034575,-5.926013899631352,0.006889755980917752,5.312234584413349
0.271971971971972,-0.26588949592074657,5.1070619352149675,1.0749755612541143,4.342934163192386,-5.971672213961444,0.006922920785833402,5.286785900381205
0.27262262262262266,-0.26464267118201423,5.081240202209062,1.0731668812138977,4.370546838340937,-6.017779150020093,0.006956394407030116,5.261346303627081
0.2732732732732733,-0.2633944247932416,5.055423123099433,1.0713570212498595,4.398409176696606,-6.064341025503569,0.006990181085782801,5.235915858380273
0.27392392392392395,-0.26214475726380443,5.029610696171839,1.0695459810655075,4.426524817453696,-6.111364275267335,0.007024285139532218,5.210494630125077
0.27457457457457457,-0.2608936691028258,5.003802919712849,1.06773376036451,4.454897470630343,-6.158855454006898,0.0070587109635552965,5.185082685630394
0.27522522522522525,-0.2596411608191748,4.977999792009821,1.0659203588506931,4.483530918794453,-6.206821239011245,0.007093463032678202,5.159680092980105
0.27587587587587586,-0.2583872329214678,4.952201311350916,1.064105776228044,4.512429018840294,-6.255268432990916,0.007128545903033234,5.134286921604377
0.27652652652652654,-0.2571318859180676,4.926407476025096,1.0622900122007075,4.541595703817229,-6.304203966983281,0.007163964213860974,5.108903242311795
0.27717717717717716,-0.25587512031708387,4.900618284322122,1.0604730664729898,4.5710349848126395,-6.3536349033372,0.007199722689358837,5.083529127322454
0.27782782782782783,-0.25461693662637264,4.87483373453255,1.0586549387493547,4.600750952890806,-6.403568438779756,0.007235826140577502,5.058164650301963
0.2784784784784785,-0.2533573353535371,4.849053824947738,1.0568356287344265,4.630747781089671,-6.4540119075674545,0.007272279467366491,5.032809886396452
0.2791291291291291,-0.25209631700592705,4.823278553859847,1.0550151361329887,4.661029726477454,-6.504972784724691,0.007309087660370396,5.0074649122685795
0.2797797797797798,-0.25083388209063867,4.797507919561829,1.053193460649984,4.6916011322714155,-6.556458689372204,0.007346255803077194,4.982129806134578
0.2804304304304304,-0.2495700311145153,4.771741920347441,1.0513706019905147,4.722466430020755,-6.608477388148322,0.007383789073920171,4.956804647802389
0.2810810810810811,-0.24830476458414652,4.745980554511238,1.0495465598598421,4.753630141855932,-6.661036798726061,0.007421692748435015,4.9314895187109045
0.2817317317317317,-0.2470380830058692,4.720223820348574,1.0477213339633877,4.785096882807027,-6.714144993429018,0.007459972201473693,4.906184501970368
0.2823823823823824,-0.24576998688576646,4.694471716155601,1.0458949240067321,4.816871363193162,-6.767810202949361,0.007498632909476773,4.880889682403964
0.28303303303303307,-0.24450047672966818,4.668724240229272,1.0440673296956144,4.848958391085996,-6.822040820171096,0.0075376804528059045,4.855605146590638
0.2836836836836837,-0.2432295530431513,4.642981390867339,1.0422385507359349,4.881362874849648,-6.8768454041020375,0.007577120518138211,4.8303309829091985
0.28433433433433436,-0.24195721633153894,4.61724316636835,1.0404085868337514,4.9140898257599925,-6.932232683918095,0.007616958900924445,4.805067281583727
0.284984984984985,-0.24068346709990152,4.591509565031663,1.0385774376952825,4.947144360706123,-6.988211563123355,0.007657201507912731,4.7798141347303735
0.28563563563563565,-0.23940830585305545,4.565780585157414,1.0367451030269055,4.980531704977053,-7.044791123829957,0.007697854359739921,4.75457163640552
0.2862862862862863,-0.23813173309556462,4.540056225046561,1.0349115825351576,5.014257195136884,-7.101980631161449,0.0077389235935924105,4.729339882655473
0.28693693693693695,-0.23685374933173897,4.514336483000848,1.0330768759267346,5.048326281991426,-7.15978953778392,0.007780415465938658,4.704118971567599
0.28758758758758757,-0.2355743550656359,4.488621357322822,1.0312409829084932,5.082744533650003,-7.218227488568918,0.007822336355335364,4.67890900332307
0.28823823823823824,-0.23429355080105868,4.462910846315829,1.0294039031874476,5.117517638685904,-7.277304325392687,0.007864692765309584,4.653710080251213
0.2888888888888889,-0.23301133704155763,4.437204948284011,1.0275656364707728,5.152651409399024,-7.33703009207607,0.007907491327319018,4.628522306885537
0.28953953953953954,-0.23172771429043032,4.411503661532318,1.025726182465803,5.188151785184831,-7.397415039469936,0.007950738803792741,4.603345790021514
0.2901901901901902,-0.23044268305072013,4.3858069843664875,1.0238855408800311,5.224024836013443,-7.458469630690938,0.007994442091254876,4.578180638776127
0.29084084084084083,-0.22915624382521776,4.360114915093067,1.0220437114211105,5.260276766023212,-7.520204546512507,0.008038608223533531,4.553026964649328
0.2914914914914915,-0.2278683971164603,4.334427452019392,1.0202006937968526,5.296913917233278,-7.582630690916589,0.008083244375057698,4.527884881587382
0.2921421421421421,-0.2265791434267318,4.308744593453609,1.0183564877152298,5.333942773379161,-7.645759196811222,0.008128357864244566,4.502754506048256
0.2927927927927928,-0.22528848325806283,4.283066337704653,1.0165110928843726,5.371369963877137,-7.70960143191987,0.00817395615698009,4.47763595706905
0.2934434434434435,-0.22399641711223067,4.2573926830822675,1.0146645090125719,5.409202267921244,-7.774169004848116,0.008220046870195485,4.452529356335604
0.2940940940940941,-0.22270294549075964,4.23172362789699,1.0128167358082774,5.447446618719352,-7.839473771333896,0.008266637775542577,4.4274348282543174
0.29474474474474477,-0.22140806889492037,4.206059170460156,1.010967772980098,5.486110107872586,-7.905527840687532,0.008313736803170902,4.402352500026291
0.2953953953953954,-0.22011178782573043,4.1803993090839064,1.0091176202368035,5.5251999899048325,-7.972343582427953,0.008361352045609597,4.377282501723873
0.29604604604604606,-0.2188141027839538,4.154744042081171,1.0072662772873207,5.564723686947583,-8.039933633122091,0.00840949176175725,4.352224966369675
0.2966966966966967,-0.21751501427010173,4.129093367765691,1.0054137438407378,5.604688793586835,-8.108310903434157,0.008458164380982798,4.327180030018199
0.29734734734734736,-0.21621452278443143,4.103447284451994,1.0035600196063013,5.645103081878118,-8.17748858539238,0.008507378507340955,4.302147831840105
0.29799799799799803,-0.2149126288269475,4.077805790455416,1.0017051042934177,5.685974506536982,-8.247480159880475,0.008557142923905364,4.277128514209303
0.29864864864864865,-0.2136093328974012,4.0521688840920955,0.999848997611653,5.727311210311663,-8.318299404361854,0.008607466597223126,4.252122222792895
0.2992992992992993,-0.21230463549528977,4.026536563678956,0.9979916992707322,5.769121529545823,-8.389960400844659,0.00865835868189426,4.2271291066441155
0.29994994994994995,-0.21099853711985816,4.0009088275337366,0.9961332089805399,5.811413999938616,-8.462477544095952,0.008709828525279649,4.202149318298419
0.3006006006006006,-0.20969103827009727,3.9752856739749607,0.9942735264511199,5.854197362510943,-8.535865550114016,0.008761885672341535,4.177183013872741
0.30125125125125124,-0.20838213944474515,3.9496671013219604,0.9924126513926759,5.897480569786065,-8.610139464867578,0.008814539870620156,4.152230353168165
0.3019019019019019,-0.20707184114228605,3.9240531078948617,0.9905505835155702,5.941272792193633,-8.685314673311657,0.008867801075350736,4.1272914997760495
0.30255255255255253,-0.20576014386095182,3.898443692014597,0.9886873225303254,5.985583424706692,-8.761406908689636,0.008921679454724853,4.102366621187777
0.3032032032032032,-0.2044470480987201,3.8728388520028894,0.986822868147623,6.030422093721528,-8.838432262131816,0.008976185395300396,4.077455888908269
0.3038538538538539,-0.2031325543533158,3.8472385861822644,0.9849572200783041,6.075798664190429,-8.916407192560923,0.00903132950756441,4.052559478573424
0.3045045045045045,-0.20181666312221042,3.821642892876053,0.9830903780333692,6.121723247018843,-8.995348536915573,0.00908712263165328,4.027677570071608
0.3051551551551552,-0.20049937490262182,3.796051770408372,0.9812223417239778,6.168206206737686,-9.075273520703114,0.009143575843234828,4.002810347669364
0.3058058058058058,-0.1991806901915153,3.770465217104153,0.9793531108614496,6.215258169463233,-9.156199768893424,0.009200700459556782,3.977958000141557
0.30645645645645647,-0.19786060948560213,3.744883231289112,0.9774826851572629,6.262890031156937,-9.238145317166262,0.009258508045666618,3.9531207209060404
0.3071071071071071,-0.1965391332813407,3.719305811289777,0.9756110643230562,6.311112966198376,-9.32112862352448,0.009317010420807365,3.9282987081631306
0.30775775775775777,-0.19521626207493598,3.693732955433463,0.9737382480706266,6.359938436285332,-9.40516858028671,0.009376219664994537,3.9034921650399843
0.30840840840840844,-0.19389199636233967,3.668164662048291,0.9718642361119311,6.4093781996754435,-9.490284526472877,0.009436148125779063,3.8787012997401678
0.30905905905905906,-0.19256633663925032,3.6426009294631836,0.969989028159086,6.459444320784761,-9.576496260596972,0.00949680842520149,3.8539263256985703
0.30970970970970974,-0.191239283401113,3.617041756007861,0.9681126239243675,6.510149180159193,-9.663824053881783,0.009558213466942658,3.8291674617418936
0.31036036036036035,-0.18991083714311963,3.5914871400128394,0.9662350231202099,6.561505484836016,-9.752288663910937,0.009620376443676195,3.804424932254958
0.31101101101101103,-0.18858099836020853,3.5659370798094336,0.9643562254592084,6.613526279112929,-9.84191134873406,0.009683310844628194,3.779698967353073
0.31166166166166165,-0.18724976754706524,3.5403915737297655,0.9624762306541168,6.666224955743551,-9.932713881441671,0.009747030463349654,3.754989803060704
0.3123123123123123,-0.18591714519812175,3.51485062010674,0.9605950384178484,6.719615267579143,-10.024718565226955,0.009811549405707252,3.7302976814966913
0.312962962962963,-0.18458313180755648,3.4893142172740834,0.9587126484634758,6.773711339676831,-10.117948248951942,0.009876882098097934,3.7056228510663645
0.3136136136136136,-0.18324772786929516,3.4637823635663043,0.9568290605042318,6.828527681896863,-10.212426343236903,0.009943043295893315,3.6809655666607193
0.3142642642642643,-0.18191093387700963,3.438255057318713,0.9549442742535071,6.884079202011405,-10.308176837091793,0.010010048092119302,3.656326089863085
0.3149149149149149,-0.18057275032411896,3.4127322968674285,0.9530582894248537,6.940381219349122,-10.405224315109574,0.010077911926376876,3.6317046891635334
0.3155655655655656,-0.17923317770378866,3.3872140805493576,0.9511711057319815,6.997449479001496,-10.503593975242268,0.010146650594009866,3.6071016401813445
0.3162162162162162,-0.1778922165089309,3.3617004067022105,0.9492827228887604,7.0553001666172594,-10.603311647180655,0.010216280255525309,3.582517225895941
0.3168668668668669,-0.17654986723220445,3.3361912736644985,0.9473931406092195,7.113949923813946,-10.704403811360006,0.010286817446272347,3.5579517368865927
0.3175175175175175,-0.17520613036601534,3.3106866797755323,0.9455023586075478,7.173415864235996,-10.806897618614629,0.010358279086385274,3.533405471581312
0.3181681681681682,-0.17386100640251578,3.285186623375415,0.943610376598093,7.233715590291627,-10.910820910505,0.010430682490996462,3.508878736515307
0.31881881881881885,-0.17251449583360495,3.2596911028050553,0.9417171942953627,7.2948672106012555,-11.016202240341926,0.010504045380724636,3.4843718465994575
0.31946946946946947,-0.1711665991509284,3.2342001164061642,0.9398228114140239,7.356889358193498,-11.12307089493333,0.010578385892444054,3.4598851253992073
0.32012012012012014,-0.16981731684587908,3.2087136625212445,0.937927227668903,7.4198012094852475,-11.231456917079901,0.010653722590339873,3.435418905424343
0.32077077077077076,-0.168466649409596,3.183231739493605,0.9360304427749855,7.48362250408605,-11.3413911288468,0.010730074477254678,3.4109735284301794
0.32142142142142144,-0.16711459733296496,3.157754345667339,0.9341324564474166,7.548373565467858,-11.452905155639714,0.010807461006331266,3.386549345730589
0.32207207207207206,-0.16576116110661887,3.132281479387361,0.9322332684015011,7.614075322544392,-11.566031451114084,0.010885902092955937,3.3621467185235088
0.32272272272272273,-0.1644063412209369,3.106813138999362,0.9303328783527023,7.680749332207094,-11.680803322948067,0.010965418127007003,3.3377660182293405
0.3233733733733734,-0.16305013816604524,3.081349322849853,0.9284312860166443,7.748417802866504,-11.797254959509633,0.011046029985411843,3.3134076268429937
0.324024024024024,-0.1616925524318168,3.0558900292861377,0.9265284911091094,7.817103619051832,-11.915421457450448,0.011127759045016367,3.289071937300038
0.3246746746746747,-0.16033358450787077,3.030435256656304,0.9246244933460397,7.886830367123847,-12.035338850259224,0.011210627195769565,3.264759353857682
0.3253253253253253,-0.1589732348835735,3.0049850033092618,0.9227192924435371,7.957622362159737,-12.157044137808432,0.011294656854225177,3.240470292491307
0.325975975975976,-0.15761150404803798,2.9795392675946992,0.9208128881178628,8.029504676072323,-12.280575316929983,0.011379870977362596,3.2162051813071115
0.3266266266266266,-0.15624839249012384,2.954098047863127,0.9189052800854367,8.102503167029658,-12.405971413055148,0.011466293076727125,3.1919644609718016
0.3272772772772773,-0.15488390069843744,2.928661342465828,0.9169964680628387,8.176644510244644,-12.533272512956495,0.011553947232890095,3.1677485851599227
0.3279279279279279,-0.15351802916133162,2.9032291497549103,0.9150864517668087,8.251956230209357,-12.662519798629097,0.01164285811022697,3.1435580210198495
0.3285785785785786,-0.15215077836690638,2.877801468083261,0.9131752309142445,8.328466734452855,-12.793755582350682,0.011733050972011856,3.1193932496591064
0.32922922922922926,-0.15078214880300816,2.8523782958045754,0.9112628052222042,8.406205348906077,-12.927023342959943,0.011824551695824125,3.0952547666500876
0.3298798798798799,-0.14941214095723004,2.8269596312733487,0.9093491744079059,8.485202354963201,-13.062367763394175,0.011917386789262472,3.071143082557032
0.33053053053053055,-0.14804075531691202,2.8015454728448717,0.9074343381887261,8.56548902833368,-13.19983476952767,0.012011583405959482,3.0470587234852906
0.3311811811811812,-0.14666799236914074,2.7761358188752343,0.9055182962822013,8.64709767978623,-13.339471570353107,0.012107169361888099,3.0230022316539458
0.33183183183183185,-0.1452938526007494,2.7507306677213386,0.9036010484060267,8.730061697891127,-13.481326699549054,0.012204173151949308,2.9989741659928906
0.33248248248248247,-0.1439183364983183,2.7253300177408626,0.9016825942780583,8.814415593875601,-13.625450058477274,0.012302623966828278,2.974975102765479
0.33313313313313314,-0.1425414445481738,2.6999338672922946,0.8997629336163097,8.90019504871316,-13.771892960653577,0.01240255171010294,2.951005636218083
0.3337837837837838,-0.1411631772363896,2.6745422147349345,0.8978420661389551,8.987436962576341,-13.920708177736863,0.012503987015586958,2.927066379257747
0.33443443443443444,-0.13978353504878593,2.649155058428862,0.8959199915643282,9.076179506791059,-14.071949987081117,0.012606961264885494,2.9031579641592904
0.3350850850850851,-0.13840251847092944,2.623772396734962,0.8939967096109215,9.166462178439087,-14.22567422089449,0.012711506605138237,2.879281043303362
0.33573573573573573,-0.13702012798813396,2.5983942280149286,0.8920722199973872,9.258325857765778,-14.381938317050098,0.012817655966920867,2.8554362899468795
0.3363863863863864,-0.13563636408545954,2.57302055063124,0.8901465224425368,9.351812868560446,-14.540801371592615,0.012925443082271547,2.8316243990273975
0.337037037037037,-0.13425122724771354,2.5476513629471853,0.8882196166653415,9.446967041687826,-14.702324192983296,0.013034902502803737,2.8078460880031546
0.3376876876876877,-0.13286471795944937,2.5222866633268435,0.8862915023849315,9.543833781962022,-14.866569358126084,0.013146069617862093,2.7841020977304205
0.3383383383383384,-0.13147683670496751,2.496926450135101,0.8843621793205967,9.64246013856638,-15.033601270214861,0.013258980672671401,2.760393193380067
0.338988988988989,-0.13008758396831538,2.4715707217376384,0.8824316471917865,9.742894879238158,-15.20348621844097,0.013373672786422678,2.7367201653952034
0.33963963963963967,-0.12869696023328647,2.4462194765009375,0.8804999057181091,9.845188568450848,-15.376292439597062,0.013490183970232718,2.713083830491944
0.3402902902902903,-0.12730496598342167,2.420872712792276,0.8785669546193332,9.949393649844327,-15.55209018161071,0.013608553144905769,2.689485032705395
0.34094094094094096,-0.125911601702008,2.395530428979738,0.8766327936153852,10.05556453317025,-15.730951769037558,0.01372882015841683,2.6659246444831144
0.3415915915915916,-0.1245168678720796,2.3701926234321977,0.8746974224263532,10.163757686039435,-15.91295167053946,0.013851025803026693,2.6424035678283304
0.34224224224224226,-0.12312076497641711,2.3448592945193347,0.8727608407724826,10.274031730778246,-16.098166568367905,0.013975211831927547,2.618922735495445
0.3428928928928929,-0.12172329349754812,2.319530440611631,0.8708230483741799,10.38644754672375,-16.28667542986687,0.014101420975306624,2.595483112240337
0.34354354354354355,-0.12032445391774649,2.294206060080352,0.8688840449520091,10.501068378311212,-16.478559581002525,0.014229696955702085,2.5720856961281773
0.3441941941941942,-0.11892424671903312,2.2688861512975826,0.8669438302266955,10.617959949333,-16.67390278191784,0.01436008450251054,2.5487315199016627
0.34484484484484484,-0.11752267238317582,2.2435707126361972,0.865002403919123,10.737190583777329,-16.872791304502172,0.014492629365490766,2.525421652412527
0.3454954954954955,-0.11611973139168863,2.2182597424698614,0.8630597657503346,10.858831333684455,-17.075314011953044,0.01462737832708969,2.5021572001195413
0.34614614614614614,-0.11471542422583247,2.192953239173052,0.8611159154415335,10.982956114491254,-17.28156244029516,0.014764379213398075,2.478939308656268
0.3467967967967968,-0.1133097513666152,2.1676512011210445,0.8591708527140813,11.109641848371412,-17.491630881807364,0.014903680903522594,2.455769164471934
0.34744744744744743,-0.11190271329479107,2.1423536266899106,0.8572245772895001,11.238968616116244,-17.705616470290323,0.015045333337137362,2.432647996549061
0.3480980980980981,-0.11049431049086128,2.117060514256515,0.8552770888894703,11.371019818143637,-17.923619268089038,0.015189387519953008,2.4095770782015857
0.3487487487487488,-0.10908454343507357,2.0917718621985326,0.8533283872358328,11.505882345267834,-18.145742354761616,0.015335895526813418,2.3865577289574142
0.3493993993993994,-0.10767341260742247,2.066487668894432,0.8513784720505874,11.643646759912503,-18.372091917261248,0.015484910502100312,2.363591316529451
0.3500500500500501,-0.10626091848764929,2.041207932723477,0.8494273430558928,11.784407488502769,-18.602777341469046,0.015636486657091903,2.340679258879432
0.3507007007007007,-0.10484706155524204,2.0159326520657395,0.8474749999740685,11.92826302583035,-18.8379113048831,0.01579067926388586,2.3178230263789974
0.35135135135135137,-0.10343184228943525,1.990661825302082,0.8455214425275915,12.075316152249377,-19.077609870232944,0.01594754464545704,2.2950241440726242
0.352002002002002,-0.10201526116921034,1.9653954508141727,0.8435666704390998,12.22567416462889,-19.321992579745945,0.016107140161376574,2.272284194047271
0.35265265265265267,-0.10059731867329547,1.9401335269844786,0.8416106834313904,12.37944912206384,-19.571182549746368,0.016269524188671797,2.249604817913727
0.3533033033033033,-0.09917801528016529,1.9148760521962593,0.8396534812274193,12.536758107426708,-19.825306565214046,0.01643475609725461,2.22698771940485
0.35395395395395396,-0.09775735146804138,1.8896230248335772,0.8376950635503022,12.69772350593198,-20.084495173870078,0.016602896219289252,2.2044346670961
0.35460460460460463,-0.0963353277148919,1.8643744432812976,0.8357354301233143,12.8624733019815,-20.348882779290022,0.016774005811809555,2.181947497253886
0.35525525525525525,-0.09491194449843204,1.8391303059250834,0.8337745806698901,13.031141395664754,-20.61860773246941,0.01694814701182885,2.159528116817447
0.35590590590590593,-0.09348720229612312,1.8138906111513915,0.8318125149136233,13.203867940402787,-20.893812421181057,0.017125382783113235,2.1371785065201596
0.35655655655655655,-0.09206110158517378,1.7886553573474888,0.8298492325782677,13.380799703349986,-21.17464335636878,0.017305776853710705,2.114900724156294
0.3572072072072072,-0.09063364284253872,1.763424542901424,0.8278847333877354,13.562090450304755,-21.461251254715613,0.017489393643244096,2.092696907999327
0.35785785785785784,-0.08920482654491996,1.7381981662020642,0.825919017066099,13.747901357029075,-21.75379111640321,0.01767629817888332,2.0705692803781477
0.3585085085085085,-0.08777465316876598,1.7129762256390588,0.8239520833375897,13.93840144904067,-22.052422296947892,0.017866555998815252,2.048520151417373
0.3591591591591592,-0.08634312319027199,1.687758719602872,0.8219839319265988,14.133768072118059,-22.357308571845525,0.018060233041921513,2.0265519229482742
0.3598098098098098,-0.08491023708537987,1.6625456464847588,0.8200145625576768,14.334187395954443,-22.668618192593158,0.018257395522262604,2.0046670925965806
0.3604604604604605,-0.08347599532977817,1.6373370046767661,0.8180439749555329,14.539854953607563,-22.986523932465833,0.01845810978684346,1.9828682580535786
0.3611111111111111,-0.08204039839890237,1.6121327925717601,0.816072168845037,14.750976219623855,-23.311203120219474,0.018662442155006214,1.961158121536737
0.3617617617617618,-0.08060344676793446,1.586933008563383,0.8140991439512171,14.967767229970118,-23.642837659659364,0.01887045873765874,1.939539494445855
0.3624124124124124,-0.0791651409118031,1.5617376510460925,0.8121248999992615,15.190455247178933,-23.981614032752415,0.01908222523439952,1.9180153022206863
0.3630630630630631,-0.07772548130518375,1.536546718415142,0.8101494367145176,15.419279474418463,-24.327723283677024,0.01929780670644777,1.8965885894054082
0.36371371371371375,-0.07628446842249875,1.511360209066579,0.8081727538224924,15.654491822524204,-24.681360980882488,0.01951726732312471,1.8752625249250492
0.36436436436436437,-0.07484210273791708,1.4861781213972574,0.806194851048852,15.896357734389314,-25.042727153876715,0.019740670079464485,1.8540404075783463
0.36501501501501504,-0.07339838472535387,1.4610004538048216,0.804215728119422,16.145157071501487,-25.41202620106841,0.019968076482359855,1.8329256717507605
0.36566566566566566,-0.071953314858472,1.435827204687726,0.802235384760188,16.401185067839045,-25.789466764554785,0.020199546202468634,1.8119218933506056
0.36631631631631634,-0.07050689361068002,1.410658372445214,0.8002538206972937,16.664753356803118,-26.175261567267466,0.020435136688927588,1.7910327959700436
0.36696696696696696,-0.06905912145513399,1.3854939554773313,0.7982710356570433,16.936191077364082,-26.569627207357836,0.020674902743738028,1.770262257271577
0.36761761761761763,-0.06760999886473612,1.3603339521849271,0.7962870293659002,17.215846066147353,-26.97278390412207,0.020918896052510277,1.7496143155990291
0.36826826826826825,-0.06615952631213584,1.3351783609696444,0.7943018015504872,17.50408614277378,-27.384955189124543,0.021167164668082064,1.7290931768102642
0.3689189189189189,-0.06470770426972872,1.310027180233929,0.7923153519375864,17.80130049640633,-27.806367535475022,0.02141975244336466,1.7087032213268099
0.3695695695695696,-0.06325453320965746,1.2848804083810244,0.7903276802541388,18.107901182143102,-28.237249917447105,0.021676698409626976,1.6884490113930515
0.3702202202202202,-0.0618000136038116,1.2597380438149752,0.7883387862272464,18.424324736631373,-28.677833291784257,0.021938036096306318,1.668335298534872
0.3708708708708709,-0.06034414592382653,1.234600084940615,0.7863486695841686,18.75103392306505,-29.128349991126854,0.022203792788345257,1.6483670312042946
0.3715215215215215,-0.058886930641085744,1.2094665301635974,0.7843573300523257,19.088519616561825,-29.589033018999118,0.02247398871700442,1.6285493625930079
0.3721721721721722,-0.05742836822671804,1.1843373778903512,0.7823647673592968,19.43730284180021,-30.060115234724705,0.022748636180106273,1.6088876585932115
0.3728228228228228,-0.05596845915159998,1.1592126265281237,0.7803709812328206,19.797936975713945,-30.541828415477667,0.02302773858773036,1.5893875058795923
0.3734734734734735,-0.054507203886354105,1.1340922744849529,0.7783759714007947,20.171010128999267,-31.034402181439365,0.023311289429532974,1.5700547200804609
0.37412412412412416,-0.053044602901349935,1.1089763201696705,0.7763797375912767,20.557147721158522,-31.538062768701977,0.023599271160108008,1.5508953540000976
0.3747747747747748,-0.051580656666704194,1.0838647619919168,0.774382279532484,20.957015264776466,-32.05303163315376,0.02389165399917121,1.531915705847307
0.37542542542542545,-0.050115365652279364,1.0587575983621313,0.7723835969527918,21.371321375670988,-32.57952386709671,0.024188394643854146,1.5131223274174348
0.37607607607607607,-0.04864873032768535,1.033654827691544,0.7703836895807368,21.800821026441128,-33.117746408792264,0.02448943489106174,1.4945220321665498
0.37672672672672675,-0.0471807511622786,1.008556448392195,0.7683825571450132,22.246319061706465,-33.667896023518814,0.024794700168706846,1.4761219031070403
0.37737737737737737,-0.0457114286251622,0.9834624588769163,0.766380199374476,22.7086739939293,-34.230157033072956,0.025104097975717176,1.4579293004434033
0.37802802802802804,-0.04424076318518588,0.958372857559338,0.7643766159981391,23.1888020990439,-34.80469876897152,0.02541751623204077,1.4399518688558104
0.3786786786786787,-0.04276875531094615,0.9332876428538928,0.7623718067451755,23.687681831082468,-35.39167272294973,0.025734821541494635,1.4221975443267183
0.37932932932932933,-0.041295405470786695,0.9082068131758181,0.7603657713449185,24.206358574433388,-35.99120936673436,0.02605585737223593,1.4046745603926847
0.37997997997998,-0.039820714132796864,0.8831303669411312,0.7583585095268591,24.745949751111958,-36.603414611551,0.02638044216192027,1.387391453689563
0.38063063063063063,-0.03834468176481387,0.858058302566679,0.7563500210206499,25.30765029822145,-37.22836587645576,0.026708367357275574,1.3703570686446271
0.3812812812812813,-0.036867308834420576,0.8329906184700739,0.7543403055561012,25.892738527338896,-37.86610773345389,0.027039395400895776,1.3535805611536527
0.3819319319319319,-0.035388595808947376,0.8079273130697544,0.7523293628631839,26.502582372460523,-38.516647096546826,0.027373257681550883,1.3370714010655658
0.3825825825825826,-0.033908543155471094,0.7828683847849458,0.7503171926720272,27.138646025928296,-39.1799479214871,0.027709652468250374,1.3208393732810673
0.3832332332332332,-0.0324271513408152,0.7578138320356747,0.7483037947129207,27.80249695177124,-39.855925383217965,0.028048242852658875,1.3048945772562166
0.3838838838838839,-0.030944420831550024,0.7327636532427633,0.746289168716313,28.49581325238726,-40.54443949893837,0.028388654729245805,1.2892474246866978
0.38453453453453457,-0.029460352093992115,0.7077178468278351,0.7442733144128116,29.220391346477143,-41.245288166650845,0.028730474847699274,1.2739086351345466
0.3851851851851852,-0.027974945594205658,0.6826764112133219,0.7422562315331845,29.978153892440226,-41.95819959219088,0.029073248977586195,1.2588892293467613
0.38583583583583586,-0.0264882017980006,0.6576393448224369,0.7402379198083582,30.771157860588165,-42.68282408241067,0.029416480230891957,1.2442005200052524
0.3864864864864865,-0.02500012117093431,0.6326066460792159,0.738218378969419,31.601602617767753,-43.418725188778666,0.029759627593782898,1.2298540996408882
0.38713713713713716,-0.02351070417831025,0.6075783134084656,0.7361976087476125,32.471837837215226,-44.165370194643785,0.03010210472453118,1.2158618254415106
0.3877877877877878,-0.022019951285179307,0.5825543452358168,0.7341756088743439,33.384370982206825,-44.92211995134734,0.030443279079782688,1.202235800686332
0.38843843843843845,-0.02052786295633835,0.5575347399876822,0.7321523790811775,34.34187403154452,-45.688218083983436,0.03078247143598052,1.188988352547274
0.3890890890890891,-0.019034439656331448,0.532519496091286,0.730127919099837,35.34718901495267,-46.46277960772143,0.03111895587643558,1.1761320060135716
0.38973973973973974,-0.01753968184944943,0.5075086119746484,0.7281022286622063,36.40333180380414,-47.2447790212802,0.031451960316916924,1.1636794537195865
0.3903903903903904,-0.016043589999729102,0.4825020860665781,0.7260753075003274,37.513493453971,-48.033037976582705,0.031780667643301036,1.1516435214889142
0.39104104104104104,-0.014546164570955256,0.4574999167967011,0.7240471553464032,38.68103822027432,-48.82621266428672,0.03210421753335583,1.1400371294510796
0.3916916916916917,-0.013047406026657993,0.43250210259542676,0.7220177719327942,39.90949715440647,-49.62278110544562,0.03242170903071249,1.1288732486411959
0.39234234234234233,-0.011547314830114952,0.4075086418939726,0.7199871569920221,41.20255596089387,-50.42103060182888,0.0327322039320816,1.1181648530585955
0.392992992992993,-0.01004589144435053,0.3825195331243538,0.7179553102567671,42.56403552298438,-51.219045673379945,0.033034731038453606,1.1079248672373416
0.3936436436436436,-0.008543136332135659,0.35753477471938133,0.7159222314598689,43.99786323227363,-52.01469690271053,0.033328291307106774,1.098166109469752
0.3942942942942943,-0.007039049955987586,0.3325543651126672,0.7138879203343264,45.50803298096161,-52.80563121484734,0.03361186392359444,1.0889012309224537
0.394944944944945,-0.005533632778170761,0.30757830273862474,0.7118523766132984,47.09855143419056,-53.58926424610708,0.033884413291520324,1.0801426509916658
0.3955955955955956,-0.004026885260696611,0.28260658603246647,0.7098156000301031,48.77336803796135,-54.3627755977173,0.03414489691307132,1.071902489358192
0.39624624624624627,-0.0025188078653222146,0.257639213430199,0.7077775903182177,50.53628620105035,-55.123107923544715,0.03439227410543883,1.0641924953201056
0.3968968968968969,-0.0010094010535527387,0.2326761833686355,0.7057383472112791,52.39085330449978,-55.866970958726306,0.03462551546815939,1.057023975098834
0.39754754754754756,0.0005013347133613344,0.20771749428537767,0.7036978704430831,54.34022774860355,-56.590851742883274,0.034843612985055054,1.0504077179280544
0.3981981981981982,0.002013398974421654,0.18276314461883914,0.7016561597475859,56.38702226946271,-57.29103240598947,0.03504559061310969,1.0443539218399944
0.39884884884884886,0.0035267912688838887,0.1578131328082275,0.699613214858902,58.5331243705285,-57.96361693586343,0.03523051518076262,1.0388721201552336
0.39949949949949953,0.005041511136256616,0.13286745729354088,0.6975690355113063,60.77949701763539,-58.60456829323943,0.03539750739135134,1.0339711097551028
0.40015015015015015,0.006557558116301432,0.10792611651559625,0.6955236214392329,63.125965768330325,-59.20975703555579,0.03554575270547781,1.0296588822652706
0.4008008008008008,0.00807493174903462,0.08298910891598332,0.6934769723772739,65.57100215230446,-59.77502220384033,0.035674511860530334,1.0259425593008216
0.40145145145145145,0.009593631574723704,0.058056432937124924,0.6914290880601837,68.11151710793122,-60.29624457585161,0.0357831307779072,1.0228283329137076
0.4021021021021021,0.01111365713389123,0.0331280870222006,0.6893799682228726,70.74268209534881,-60.76943147278914,0.03587104960979982,1.0203214123403024
0.40275275275275274,0.012635007967311762,0.008204069615230125,0.6873296126004137,73.45779839472196,-61.19081114671562,0.035937810688396236,1.0184259780693201
0.40296694772601666,0.01313612835851563,0.0,0.6866543626553734,74.36857448579977,-61.317597901037445,0.03595509700341849,1.0179363442273621
