time_s,x_m,y_m,z_m
0.0,-0.656,16.33,1.73
0.0006666666666666666,-0.6545156910859693,16.307791577748965,1.7312346233971825
0.0013333333333333333,-0.6530324358672419,16.285583155497932,1.7324629299316583
0.002,-0.6515502343438181,16.2633747332469,1.7336849196034279
0.0026666666666666666,-0.6500690865156978,16.241166310995865,1.734900592412491
0.003333333333333333,-0.6485889923828809,16.218957888744832,1.7361099483588478
0.004,-0.6471099519453674,16.196749466493795,1.737312987442498
0.004666666666666667,-0.6456319652031575,16.174541044242762,1.7385097096634419
0.005333333333333334,-0.6441550321562509,16.15233262199173,1.739700115021679
0.006000000000000001,-0.6426791528046479,16.130124199740695,1.74088420351721
0.006666666666666668,-0.6412043271483482,16.107915777489662,1.7420619751500348
0.007333333333333335,-0.6397305551873521,16.08570735523863,1.7432334299201528
0.008000000000000002,-0.6382578369216595,16.063498932987596,1.7443985678275644
0.008666666666666668,-0.6367861723512703,16.041290510736562,1.7455573888722697
0.009333333333333334,-0.6353155614761845,16.01908208848553,1.7467098930542686
0.01,-0.6338460042964023,15.996873666234494,1.747856080373561
0.010666666666666666,-0.6323775008119235,15.97466524398346,1.748995950830147
0.011333333333333332,-0.6309100510227481,15.952456821732428,1.7501295044240264
0.011999999999999999,-0.6294436549288761,15.930248399481394,1.7512567411551996
0.012666666666666665,-0.6279783125303077,15.90803997723036,1.7523776610236663
0.01333333333333333,-0.6265140238270428,15.885831554979326,1.7534922640294266
0.013999999999999997,-0.6250507888190813,15.863623132728293,1.7546005501724804
0.014666666666666663,-0.6235886075064232,15.84141471047726,1.755702519452828
0.015333333333333329,-0.6221274798890686,15.819206288226226,1.7567981718704688
0.015999999999999997,-0.6206674059670175,15.796997865975191,1.7578875074254032
0.016666666666666663,-0.6192083857402699,15.774789443724158,1.7589705261176314
0.01733333333333333,-0.6177504192088256,15.752581021473125,1.760047227947153
0.017999999999999995,-0.6162935063726849,15.730372599222092,1.7611176129139683
0.01866666666666666,-0.6148376472318476,15.708164176971058,1.762181681018077
0.019333333333333327,-0.6133828417863139,15.685955754720023,1.7632394322594795
0.019999999999999993,-0.6119290900360834,15.66374733246899,1.7642908666381754
0.02066666666666666,-0.6104763919811566,15.641538910217957,1.765335984154165
0.021333333333333326,-0.6090247476215331,15.619330487966923,1.766374784807448
0.021999999999999992,-0.6075741569572133,15.59712206571589,1.7674072685980247
0.022666666666666658,-0.6061246199881967,15.574913643464857,1.7684334355258948
0.023333333333333324,-0.6046761367144836,15.552705221213822,1.7694532855910587
0.02399999999999999,-0.6032287071360741,15.530496798962789,1.770466818793516
0.024666666666666656,-0.601782331252968,15.508288376711755,1.771474035133267
0.025333333333333322,-0.6003370090651654,15.486079954460722,1.7724749346103115
0.02599999999999999,-0.5988927405726662,15.463871532209689,1.7734695172246495
0.026666666666666655,-0.5974495257754704,15.441663109958654,1.774457782976281
0.02733333333333332,-0.5960073646735782,15.41945468770762,1.7754397318652064
0.027999999999999987,-0.5945662572669893,15.397246265456587,1.7764153638914253
0.028666666666666653,-0.593126203555704,15.375037843205554,1.7773846790549375
0.02933333333333332,-0.5916872035397222,15.35282942095452,1.7783476773557434
0.029999999999999985,-0.5902492572190438,15.330620998703488,1.7793043587938429
0.03066666666666665,-0.5888123645936688,15.308412576452453,1.780254723369236
0.03133333333333332,-0.5873765256635972,15.28620415420142,1.7811987710819226
0.03199999999999999,-0.5859417404288293,15.263995731950386,1.7821365019319029
0.032666666666666656,-0.5845080088893647,15.241787309699353,1.7830679159191767
0.033333333333333326,-0.5830753310452036,15.219578887448318,1.783993013043744
0.033999999999999996,-0.5816437068963459,15.197370465197285,1.784911793305605
0.034666666666666665,-0.5802131364427918,15.175162042946251,1.7858242567047593
0.035333333333333335,-0.578783619684541,15.152953620695218,1.7867304032412075
0.036000000000000004,-0.5773551566215938,15.130745198444183,1.7876302329149492
0.036666666666666674,-0.57592774725395,15.10853677619315,1.7885237457259842
0.03733333333333334,-0.5745013915816096,15.086328353942116,1.7894109416743131
0.03800000000000001,-0.5730760896045727,15.064119931691083,1.7902918207599356
0.03866666666666668,-0.5716518413228393,15.041911509440048,1.7911663829828515
0.03933333333333335,-0.5702286467364094,15.019703087189015,1.7920346283430608
0.04000000000000002,-0.5688065058452829,14.997494664937982,1.792896556840564
0.04066666666666669,-0.5673854186494599,14.975286242686948,1.7937521684753606
0.04133333333333336,-0.5659653851489403,14.953077820435913,1.7946014632474507
0.04200000000000003,-0.5645464053437241,14.93086939818488,1.7954444411568344
0.0426666666666667,-0.5631284792338116,14.908660975933847,1.796281102203512
0.04333333333333337,-0.5617116068192024,14.886452553682814,1.7971114463874827
0.04400000000000004,-0.5602957880998967,14.864244131431779,1.7979354737087472
0.04466666666666671,-0.5588810230758944,14.842035709180745,1.7987531841673052
0.04533333333333338,-0.5574673117471957,14.819827286929712,1.7995645777631568
0.04600000000000005,-0.5560546541138003,14.797618864678679,1.800369654496302
0.04666666666666672,-0.5546430501757085,14.775410442427644,1.8011684143667408
0.04733333333333339,-0.5532324999329201,14.75320202017661,1.801960857374473
0.048000000000000057,-0.551823003385435,14.730993597925577,1.802746983519499
0.048666666666666726,-0.5504145605332537,14.708785175674544,1.8035267928018184
0.049333333333333396,-0.5490071713763757,14.686576753423509,1.8043002852214314
0.050000000000000065,-0.5476008359148011,14.664368331172476,1.8050674607783381
0.050666666666666735,-0.5461955541485299,14.642159908921442,1.8058283194725384
0.051333333333333404,-0.5447913260775623,14.61995148667041,1.8065828613040322
0.052000000000000074,-0.5433881517018982,14.597743064419374,1.8073310862728194
0.052666666666666744,-0.5419860310215374,14.575534642168341,1.8080729943789002
0.05333333333333341,-0.5405849640364803,14.553326219917308,1.8088085856222746
0.05400000000000008,-0.5391849507467265,14.531117797666274,1.8095378600029428
0.05466666666666675,-0.5377859911522761,14.50890937541524,1.8102608175209043
0.05533333333333342,-0.5363880852531293,14.486700953164206,1.8109774581761595
0.05600000000000009,-0.5349912330492859,14.464492530913173,1.8116877819687083
0.05666666666666676,-0.5335954345407459,14.44228410866214,1.8123917888985506
0.05733333333333343,-0.5322006897275094,14.420075686411105,1.8130894789656864
0.0580000000000001,-0.5308069986095765,14.397867264160071,1.8137808521701158
0.05866666666666677,-0.5294143611869468,14.375658841909038,1.8144659085118389
0.05933333333333344,-0.5280227774596208,14.353450419658005,1.8151446479908553
0.06000000000000011,-0.5266322474275982,14.33124199740697,1.8158170706071655
0.06066666666666678,-0.525242771090879,14.309033575155937,1.8164831763607692
0.06133333333333345,-0.5238543484494633,14.286825152904903,1.8171429652516666
0.06200000000000012,-0.5224669795033512,14.26461673065387,1.8177964372798574
0.06266666666666679,-0.5210806642525423,14.242408308402837,1.818443592445342
0.06333333333333345,-0.5196954026970371,14.220199886151802,1.8190844307481198
0.06400000000000011,-0.5183111948368352,14.197991463900768,1.8197189521881916
0.06466666666666677,-0.5169280406719369,14.175783041649735,1.8203471567655565
0.06533333333333344,-0.515545940202342,14.153574619398702,1.8209690444802153
0.0660000000000001,-0.5141648934280505,14.131366197147669,1.8215846153321675
0.06666666666666676,-0.5127849003490625,14.109157774896635,1.8221938693214135
0.06733333333333343,-0.5114059609653779,14.0869493526456,1.8227968064479527
0.06800000000000009,-0.5100280752769969,14.064740930394567,1.823393426711786
0.06866666666666675,-0.5086512432839193,14.042532508143534,1.8239837301129123
0.06933333333333341,-0.5072754649861452,14.0203240858925,1.8245677166513328
0.07000000000000008,-0.5059007403836746,13.998115663641467,1.8251453863270461
0.07066666666666674,-0.5045270694765074,13.975907241390434,1.8257167391400535
0.0713333333333334,-0.5031544522646435,13.953698819139401,1.8262817750903544
0.07200000000000006,-0.5017828887480833,13.931490396888368,1.8268404941779488
0.07266666666666673,-0.5004123789268264,13.909281974637334,1.8273928964028368
0.07333333333333339,-0.49904292280087315,13.887073552386301,1.8279389817650182
0.07400000000000005,-0.4976745203702232,13.864865130135268,1.8284787502644935
0.07466666666666671,-0.49630717163487675,13.842656707884233,1.829012201901262
0.07533333333333338,-0.49494087659483377,13.8204482856332,1.8295393366753243
0.07600000000000004,-0.4935756352500943,13.798239863382166,1.8300601545866801
0.0766666666666667,-0.49221144760065827,13.776031441131133,1.8305746556353295
0.07733333333333337,-0.4908483136465257,13.7538230188801,1.8310828398212726
0.07800000000000003,-0.48948623338769653,13.731614596629067,1.831584707144509
0.07866666666666669,-0.4881252068241708,13.709406174378032,1.8320802576050392
0.07933333333333335,-0.4867652339559486,13.687197752126998,1.832569491202863
0.08000000000000002,-0.4854063147830299,13.664989329875965,1.8330524079379802
0.08066666666666668,-0.4840484493054147,13.642780907624932,1.833529007810391
0.08133333333333334,-0.4826916375231028,13.620572485373899,1.8339992908200953
0.082,-0.48133587943609446,13.598364063122865,1.8344632569670933
0.08266666666666667,-0.47998117504438953,13.576155640871832,1.834920906251385
0.08333333333333333,-0.47862752434798816,13.553947218620799,1.83537223867297
0.08399999999999999,-0.4772749273468902,13.531738796369766,1.8358172542318487
0.08466666666666665,-0.4759233840410957,13.509530374118732,1.836255952928021
0.08533333333333332,-0.47457289443060463,13.487321951867699,1.8366883347614866
0.08599999999999998,-0.4732234585154171,13.465113529616664,1.837114399732246
0.08666666666666664,-0.47187507629553294,13.44290510736563,1.8375341478402991
0.0873333333333333,-0.4705277477709523,13.420696685114597,1.8379475790856457
0.08799999999999997,-0.4691814729416751,13.398488262863564,1.8383546934682857
0.08866666666666663,-0.4678362518077014,13.376279840612531,1.8387554909882193
0.08933333333333329,-0.4664920843690311,13.354071418361498,1.8391499716454467
0.08999999999999996,-0.46514897062566424,13.331862996110463,1.8395381354399674
0.09066666666666662,-0.46380691057760093,13.30965457385943,1.8399199823717818
0.09133333333333328,-0.4624659042248411,13.287446151608396,1.8402955124408897
0.09199999999999994,-0.4611259515673847,13.265237729357363,1.8406647256472912
0.0926666666666666,-0.4597870526052317,13.24302930710633,1.8410276219909862
0.09333333333333327,-0.45844920733838224,13.220820884855296,1.841384201471975
0.09399999999999993,-0.45711241576683614,13.198612462604263,1.8417344640902573
0.0946666666666666,-0.4557766778905936,13.17640404035323,1.842078409845833
0.09533333333333326,-0.4544419937096545,13.154195618102197,1.8424160387387023
0.09599999999999992,-0.4531083632240189,13.131987195851163,1.8427473507688654
0.09666666666666658,-0.45177578643368665,13.109778773600128,1.8430723459363219
0.09733333333333324,-0.45044426333865795,13.087570351349095,1.8433910242410718
0.0979999999999999,-0.4491137939389327,13.065361929098062,1.8437033856831155
0.09866666666666657,-0.4477843782345109,13.043153506847029,1.8440094302624528
0.09933333333333323,-0.44645601622539255,13.020945084595995,1.8443091579790836
0.0999999999999999,-0.4451287079115777,12.998736662344962,1.8446025688330079
0.10066666666666656,-0.4438024532930663,12.976528240093929,1.844889662824226
0.10133333333333322,-0.4424772523698583,12.954319817842894,1.8451704399527373
0.10199999999999988,-0.4411531051419538,12.93211139559186,1.8454449002185425
0.10266666666666655,-0.4398300116093528,12.909902973340827,1.8457130436216411
0.10333333333333321,-0.4385079717720553,12.887694551089794,1.8459748701620333
0.10399999999999987,-0.4371869856300612,12.86548612883876,1.846230379839719
0.10466666666666653,-0.43586705318337055,12.843277706587727,1.8464795726546983
0.1053333333333332,-0.43454817443198335,12.821069284336694,1.8467224486069713
0.10599999999999986,-0.4332303493758996,12.798860862085661,1.8469590076965379
0.10666666666666652,-0.4319135780151194,12.776652439834628,1.847189249923398
0.10733333333333318,-0.43059786034964265,12.754444017583594,1.8474131752875516
0.10799999999999985,-0.42928319637946927,12.73223559533256,1.8476307837889987
0.10866666666666651,-0.42796958610459945,12.710027173081526,1.8478420754277396
0.10933333333333317,-0.426657029525033,12.687818750830493,1.8480470502037738
0.10999999999999983,-0.4253455266407701,12.66561032857946,1.8482457081171018
0.1106666666666665,-0.4240350774518106,12.643401906328426,1.8484380491677233
0.11133333333333316,-0.42272568195815463,12.621193484077393,1.8486240733556383
0.11199999999999982,-0.42141734015980203,12.59898506182636,1.8488037806808468
0.11266666666666648,-0.42011005205675295,12.576776639575325,1.8489771711433491
0.11333333333333315,-0.4188038176490073,12.554568217324292,1.849144244743145
0.11399999999999981,-0.41749863693656514,12.532359795073258,1.8493050014802341
0.11466666666666647,-0.41619450991942647,12.510151372822225,1.849459441354617
0.11533333333333314,-0.4148914365975912,12.487942950571192,1.8496075643662937
0.1159999999999998,-0.41358941697105944,12.465734528320159,1.8497493705152637
0.11666666666666646,-0.41228845103983114,12.443526106069125,1.8498848598015272
0.11733333333333312,-0.41098853880390623,12.421317683818092,1.8500140322250844
0.11799999999999979,-0.4096896802632849,12.399109261567059,1.8501368877859352
0.11866666666666645,-0.40839187541796695,12.376900839316026,1.8502534264840795
0.11933333333333311,-0.40709512426795247,12.35469241706499,1.8503636483195174
0.11999999999999977,-0.4057994268132415,12.332483994813957,1.850467553292249
0.12066666666666644,-0.40450478305383397,12.310275572562924,1.850565141402274
0.1213333333333331,-0.40321119298972985,12.28806715031189,1.8506564126495926
0.12199999999999976,-0.40191865662092924,12.265858728060858,1.8507413670342048
0.12266666666666642,-0.4006271739474321,12.243650305809822,1.8508200045561105
0.12333333333333309,-0.3993367449692384,12.22144188355879,1.8508923252153098
0.12399999999999975,-0.3980473696863482,12.199233461307756,1.8509583290118026
0.12466666666666641,-0.39675904809876134,12.177025039056723,1.8510180159455891
0.12533333333333307,-0.39547178020647805,12.15481661680569,1.8510713860166692
0.12599999999999975,-0.39418556600949817,12.132608194554656,1.8511184392250428
0.12666666666666643,-0.3929004055078218,12.110399772303623,1.85115917557071
0.1273333333333331,-0.3916162987014488,12.088191350052588,1.8511935950536706
0.12799999999999978,-0.39033324559037935,12.065982927801553,1.8512216976739249
0.12866666666666646,-0.38905124617461334,12.04377450555052,1.8512434834314728
0.12933333333333313,-0.3877703004541508,12.021566083299486,1.8512589523263143
0.1299999999999998,-0.3864904084289917,11.999357661048453,1.8512681043584494
0.1306666666666665,-0.38521157009913604,11.977149238797418,1.851270939527878
0.13133333333333316,-0.3839337854645839,11.954940816546385,1.8512674578346
0.13199999999999984,-0.38265705452533516,11.93273239429535,1.8512576592786159
0.13266666666666652,-0.3813813772813899,11.910523972044317,1.851241543859925
0.1333333333333332,-0.3801067537327481,11.888315549793283,1.851219111578528
0.13399999999999987,-0.3788331838794098,11.86610712754225,1.8511903624344244
0.13466666666666655,-0.3775606677213749,11.843898705291215,1.8511552964276143
0.13533333333333322,-0.37628920525864357,11.82169028304018,1.851113913558098
0.1359999999999999,-0.3750187964912156,11.799481860789147,1.8510662138258749
0.13666666666666658,-0.37374944141909117,11.777273438538113,1.851012197230946
0.13733333333333325,-0.3724811400422701,11.75506501628708,1.8509518637733102
0.13799999999999993,-0.3712138923607526,11.732856594036045,1.850885213452968
0.1386666666666666,-0.3699476983745385,11.71064817178501,1.8508122462699195
0.13933333333333328,-0.3686825580836278,11.688439749533977,1.8507329622241644
0.13999999999999996,-0.3674184714880207,11.666231327282944,1.8506473613157028
0.14066666666666663,-0.366155438587717,11.64402290503191,1.850555443544535
0.1413333333333333,-0.3648934593827167,11.621814482780875,1.850457208910661
0.142,-0.36363253387301997,11.599606060529842,1.8503526574140798
0.14266666666666666,-0.36237266205862667,11.577397638278807,1.850241789054793
0.14333333333333334,-0.3611138439395368,11.555189216027774,1.8501246038327994
0.14400000000000002,-0.35985607951575044,11.53298079377674,1.8500011017480993
0.1446666666666667,-0.3585993687872675,11.510772371525707,1.849871282800693
0.14533333333333337,-0.357343711754088,11.488563949274672,1.84973514699058
0.14600000000000005,-0.356089108416212,11.466355527023637,1.849592694317761
0.14666666666666672,-0.3548355587736395,11.444147104772604,1.849443924782235
0.1473333333333334,-0.35358306282637036,11.42193868252157,1.849288838384003
0.14800000000000008,-0.35233162057440476,11.399730260270537,1.849127435123064
0.14866666666666675,-0.3510812320177426,11.377521838019502,1.8489597149994192
0.14933333333333343,-0.3498318971563839,11.355313415768467,1.8487856780130676
0.1500000000000001,-0.3485836159903287,11.333104993517434,1.84860532416401
0.15066666666666678,-0.34733638851957693,11.310896571266401,1.8484186534522458
0.15133333333333346,-0.34609021474412865,11.288688149015368,1.8482256658777747
0.15200000000000014,-0.3448450946639838,11.266479726764333,1.8480263614405978
0.1526666666666668,-0.3436010282791424,11.244271304513298,1.8478207401407138
0.1533333333333335,-0.3423580155896045,11.222062882262264,1.847608801978124
0.15400000000000016,-0.34111605659537003,11.199854460011231,1.8473905469528273
0.15466666666666684,-0.339875151296439,11.177646037760198,1.8471659750648246
0.15533333333333352,-0.3386352996928115,11.155437615509163,1.8469350863141152
0.1560000000000002,-0.33739650178448743,11.13322919325813,1.8466978807006995
0.15666666666666687,-0.3361587575714668,11.111020771007095,1.8464543582245776
0.15733333333333355,-0.3349220670537497,11.088812348756061,1.8462045188857488
0.15800000000000022,-0.33368643023133604,11.066603926505028,1.845948362684214
0.1586666666666669,-0.3324518471042258,11.044395504253995,1.8456858896199722
0.15933333333333358,-0.33121831767241905,11.02218708200296,1.8454170996930244
0.16000000000000025,-0.32998584193591574,10.999978659751925,1.8451419929033699
0.16066666666666693,-0.3287544198947159,10.977770237500891,1.8448605692510092
0.1613333333333336,-0.32752405154881953,10.955561815249858,1.8445728287359417
0.16200000000000028,-0.32629473689822663,10.933353392998825,1.8442787713581683
0.16266666666666696,-0.32506647594293714,10.91114497074779,1.8439783971176886
0.16333333333333364,-0.32383926868295115,10.888936548496755,1.8436717060145018
0.1640000000000003,-0.3226131151182687,10.866728126245722,1.843358698048609
0.164666666666667,-0.32138801524888966,10.844519703994688,1.8430393732200094
0.16533333333333367,-0.32016396907481404,10.822311281743655,1.8427137315287039
0.16600000000000034,-0.3189409765960419,10.80010285949262,1.8423817729746914
0.16666666666666702,-0.3177190378125732,10.777894437241585,1.842043497557973
0.1673333333333337,-0.316498152724408,10.755686014990552,1.8416989052785477
0.16800000000000037,-0.31527832133154626,10.733477592739519,1.8413479961364163
0.16866666666666705,-0.31405954363398797,10.711269170488485,1.8409907701315786
0.16933333333333372,-0.31284181963173313,10.68906074823745,1.840627227264034
0.1700000000000004,-0.31162514932478175,10.666852325986417,1.8402573675337834
0.17066666666666708,-0.3104095327131339,10.644643903735382,1.839881190940826
0.17133333333333375,-0.30919496979678945,10.622435481484349,1.8394986974851626
0.17200000000000043,-0.3079814605757485,10.600227059233315,1.8391098871667921
0.1726666666666671,-0.306769005050011,10.578018636982282,1.8387147599857159
0.17333333333333378,-0.3055576032195769,10.555810214731247,1.8383133159419327
0.17400000000000046,-0.3043472550844463,10.533601792480212,1.8379055550354435
0.17466666666666714,-0.3031379606446192,10.511393370229179,1.837491477266248
0.1753333333333338,-0.30192971990009554,10.489184947978146,1.8370710826343455
0.1760000000000005,-0.3007225328508753,10.466976525727112,1.836644371139737
0.17666666666666717,-0.2995163994969586,10.444768103476077,1.8362113427824218
0.17733333333333384,-0.2983113198383453,10.422559681225042,1.8357719975624005
0.17800000000000052,-0.2971072938750355,10.400351258974009,1.8353263354796723
0.1786666666666672,-0.2959043216070292,10.378142836722976,1.834874356534238
0.17933333333333387,-0.29470240303432627,10.355934414471943,1.834416060726097
0.18000000000000055,-0.29350153815692687,10.333725992220907,1.83395144805525
0.18066666666666722,-0.29230172697483087,10.311517569969874,1.8334805185216965
0.1813333333333339,-0.2911029694880384,10.28930914771884,1.8330032721254361
0.18200000000000058,-0.28990526569654934,10.267100725467806,1.8325197088664693
0.18266666666666725,-0.28870861560036376,10.244892303216773,1.8320298287447967
0.18333333333333393,-0.28751301919948163,10.22268388096574,1.8315336317604174
0.1840000000000006,-0.28631847649390296,10.200475458714704,1.8310311179133314
0.18466666666666728,-0.2851249874836278,10.17826703646367,1.8305222872035394
0.18533333333333396,-0.28393255216865604,10.156058614212636,1.8300071396310404
0.18600000000000064,-0.28274117054898784,10.133850191961603,1.8294856751958355
0.1866666666666673,-0.281550842624623,10.11164176971057,1.828957893897924
0.187333333333334,-0.28036156839556164,10.089433347459535,1.828423795737306
0.18800000000000067,-0.27917334786180376,10.0672249252085,1.8278833807139812
0.18866666666666734,-0.2779861810233494,10.045016502957466,1.8273366488279505
0.18933333333333402,-0.2768000678801984,10.022808080706433,1.8267836000792135
0.1900000000000007,-0.27561500843235087,10.0005996584554,1.8262242344677695
0.19066666666666737,-0.27443100267980686,9.978391236204365,1.8256585519936197
0.19133333333333405,-0.2732480506225663,9.95618281395333,1.8250865526567628
0.19200000000000073,-0.2720661522606292,9.933974391702296,1.8245082364572
0.1926666666666674,-0.2708853075939956,9.911765969451263,1.8239236033949304
0.19333333333333408,-0.2697055166226654,9.88955754720023,1.8233326534699548
0.19400000000000076,-0.26852677934663866,9.867349124949195,1.8227353866822722
0.19466666666666743,-0.2673490957659154,9.845140702698162,1.8221318030318838
0.1953333333333341,-0.2661724658804956,9.822932280447127,1.8215219025187888
0.19600000000000078,-0.26499688969037927,9.800723858196093,1.820905685142987
0.19666666666666746,-0.2638223671955664,9.77851543594506,1.8202831509044792
0.19733333333333414,-0.262648898396057,9.756307013694027,1.8196542998032645
0.19800000000000081,-0.261476483291851,9.734098591442992,1.8190191318393438
0.1986666666666675,-0.2603051218829485,9.711890169191957,1.8183776470127164
0.19933333333333417,-0.2591348141693495,9.689681746940924,1.817729845323383
0.20000000000000084,-0.257965560151054,9.66747332468989,1.8170757267713424
0.20066666666666752,-0.2567973598280619,9.645264902438857,1.816415291356596
0.2013333333333342,-0.25563021320037327,9.623056480187822,1.8157485390791432
0.20200000000000087,-0.2544641202679881,9.600848057936787,1.8150754699389837
0.20266666666666755,-0.25329908103090637,9.578639635685754,1.814396083936118
0.20333333333333423,-0.2521350954891281,9.55643121343472,1.8137103810705455
0.2040000000000009,-0.25097216364265335,9.534222791183687,1.813018361342267
0.20466666666666758,-0.24981028549148201,9.512014368932652,1.8123200247512816
0.20533333333333426,-0.24864946103561414,9.489805946681617,1.8116153712975902
0.20600000000000093,-0.24748969027504975,9.467597524430584,1.8109044009811919
0.2066666666666676,-0.2463309732097888,9.44538910217955,1.8101871138020877
0.20733333333333429,-0.24517330983983138,9.423180679928517,1.8094635097602771
0.20800000000000096,-0.24401670016517735,9.400972257677482,1.8087335888557594
0.20866666666666764,-0.2428611441858268,9.378763835426449,1.8079973510885359
0.20933333333333431,-0.2417066419017797,9.356555413175414,1.8072547964586057
0.210000000000001,-0.2405531933130361,9.33434699092438,1.8065059249659692
0.21066666666666767,-0.2394007984195959,9.312138568673348,1.8057507366106258
0.21133333333333434,-0.2382494572214592,9.289930146422314,1.8049892313925766
0.21200000000000102,-0.23709916971862596,9.26772172417128,1.8042214093118205
0.2126666666666677,-0.2359499359110962,9.245513301920244,1.8034472703683584
0.21333333333333437,-0.23480175579886986,9.223304879669211,1.8026668145621898
0.21400000000000105,-0.233654629381947,9.201096457418178,1.8018800418933143
0.21466666666666773,-0.23250855666032766,9.178888035167144,1.801086952361733
0.2153333333333344,-0.23136353763401174,9.15667961291611,1.8002875459674448
0.21600000000000108,-0.23021957230299928,9.134471190665074,1.7994818227104505
0.21666666666666776,-0.22907666066729027,9.112262768414041,1.7986697825907494
0.21733333333333443,-0.2279348027268847,9.090054346163008,1.7978514256083422
0.2180000000000011,-0.22679399848178264,9.067845923911975,1.7970267517632281
0.21866666666666779,-0.22565424793198402,9.04563750166094,1.7961957610554082
0.21933333333333446,-0.22451555107748886,9.023429079409906,1.7953584534848819
0.22000000000000114,-0.22337790791829715,9.001220657158871,1.7945148290516486
0.22066666666666782,-0.22224131845440892,8.979012234907838,1.793664887755709
0.2213333333333345,-0.2211057826858242,8.956803812656805,1.792808629597063
0.22200000000000117,-0.2199713006125429,8.934595390405772,1.7919460545757109
0.22266666666666785,-0.21883787223456505,8.912386968154737,1.791077162691652
0.22333333333333452,-0.21770549755189067,8.890178545903701,1.790201953944887
0.2240000000000012,-0.21657417656451977,8.867970123652668,1.7893204283354152
0.22466666666666787,-0.21544390927245224,8.845761701401635,1.7884325858632373
0.22533333333333455,-0.21431469567568828,8.823553279150602,1.787538426528353
0.22600000000000123,-0.2131865357742278,8.801344856899567,1.786637950330762
0.2266666666666679,-0.2120594295680707,8.779136434648532,1.7857311572704646
0.22733333333333458,-0.21093337705721715,8.756928012397498,1.7848180473474606
0.22800000000000126,-0.20980837824166693,8.734719590146465,1.7838986205617506
0.22866666666666793,-0.2086844331214203,8.712511167895432,1.7829728769133337
0.2293333333333346,-0.207561541696477,8.690302745644397,1.7820408164022108
0.2300000000000013,-0.2064397039668373,8.668094323393362,1.7811024390283812
0.23066666666666796,-0.20531891993250095,8.645885901142329,1.7801577447918455
0.23133333333333464,-0.20419918959346817,8.623677478891295,1.7792067336926032
0.23200000000000132,-0.20308051294973886,8.601469056640262,1.7782494057306542
0.232666666666668,-0.2019628900013129,8.579260634389227,1.777285760905999
0.23333333333333467,-0.20084632074819048,8.557052212138194,1.7763157992186374
0.23400000000000135,-0.19973080519037145,8.534843789887159,1.7753395206685694
0.23466666666666802,-0.198616343327856,8.512635367636125,1.7743569252557947
0.2353333333333347,-0.19750293516064388,8.490426945385092,1.773368012980314
0.23600000000000138,-0.19639058068873533,8.468218523134059,1.7723727838421264
0.23666666666666805,-0.19527927991213012,8.446010100883024,1.7713712378412327
0.23733333333333473,-0.1941690328308285,8.423801678631989,1.7703633749776326
0.2380000000000014,-0.19305983944483024,8.401593256380956,1.7693491952513258
0.23866666666666808,-0.19195169975413554,8.379384834129922,1.768328698662313
0.23933333333333476,-0.19084461375874429,8.35717641187889,1.767301885210593
0.24000000000000143,-0.1897385814586564,8.334967989627854,1.7662687548961675
0.2406666666666681,-0.1886336028538721,8.31275956737682,1.7652293077190349
0.2413333333333348,-0.18752967794439115,8.290551145125786,1.7641835436791962
0.24200000000000146,-0.18642680673021378,8.268342722874753,1.7631314627766508
0.24266666666666814,-0.18532498921133972,8.24613430062372,1.7620730650113994
0.24333333333333482,-0.18422422538776928,8.223925878372684,1.7610083503834413
0.2440000000000015,-0.18312451525950216,8.201717456121651,1.7599373188927765
0.24466666666666817,-0.18202585882653863,8.179509033870616,1.758859970539406
0.24533333333333485,-0.18092825608887844,8.157300611619583,1.7577763053233282
0.24600000000000152,-0.17983170704652185,8.13509218936855,1.7566863232445447
0.2466666666666682,-0.17873621169946868,8.112883767117514,1.755590024303054
0.24733333333333488,-0.1776417700477189,8.090675344866481,1.7544874084988575
0.24800000000000155,-0.17654838209127266,8.068466922615446,1.7533784758319542
0.24866666666666823,-0.1754560478301298,8.046258500364413,1.752263226302345
0.2493333333333349,-0.1743647672642905,8.02405007811338,1.7511416599100291
0.25000000000000155,-0.17327454039375462,8.001841655862346,1.7500137766550066
0.2506666666666682,-0.17218536721852223,7.979633233611313,1.7488795765372775
0.25133333333333485,-0.1710972477385933,7.95742481136028,1.7477390595568427
0.2520000000000015,-0.17001018195396783,7.935216389109247,1.7465922257137008
0.25266666666666815,-0.16892416986464587,7.913007966858213,1.745439075007853
0.2533333333333348,-0.1678392114706273,7.890799544607182,1.7442796074392983
0.25400000000000145,-0.16675530677191222,7.868591122356149,1.7431138230080376
0.2546666666666681,-0.1656724557685007,7.846382700105115,1.74194172171407
0.25533333333333474,-0.16459065846039256,7.824174277854082,1.7407633035573962
0.2560000000000014,-0.16350991484758787,7.801965855603049,1.739578568538016
0.25666666666666804,-0.16243022493008663,7.779757433352016,1.7383875166559293
0.2573333333333347,-0.16135158870788885,7.757549011100982,1.7371901479111365
0.25800000000000134,-0.16027400618099455,7.735340588849951,1.7359864623036367
0.258666666666668,-0.1591974773494037,7.713132166598918,1.734776459833431
0.25933333333333464,-0.1581220022131163,7.690923744347884,1.7335601405005185
0.2600000000000013,-0.1570475807721324,7.668715322096851,1.7323375043048999
0.26066666666666793,-0.15597421302645195,7.646506899845818,1.7311085512465745
0.2613333333333346,-0.15490189897607504,7.624298477594785,1.7298732813255433
0.26200000000000123,-0.15383063862100152,7.602090055343751,1.728631694541805
0.2626666666666679,-0.15276043196123146,7.57988163309272,1.7273837908953602
0.26333333333333453,-0.15169127899676482,7.557673210841687,1.7261295703862096
0.2640000000000012,-0.1506231797276017,7.535464788590653,1.724869033014352
0.2646666666666678,-0.14955613415374203,7.51325636633962,1.7236021787797884
0.2653333333333345,-0.14849014227518578,7.491047944088587,1.722329007682518
0.2660000000000011,-0.14742520409193302,7.468839521837554,1.7210495197225417
0.2666666666666678,-0.14636131960398374,7.44663109958652,1.7197637148998584
0.2673333333333344,-0.145298488811338,7.424422677335489,1.7184715932144687
0.26800000000000107,-0.1442367117139956,7.402214255084456,1.7171731546663729
0.2686666666666677,-0.14317598831195671,7.380005832833422,1.7158683992555703
0.26933333333333437,-0.14211631860522125,7.357797410582389,1.7145573269820618
0.270000000000001,-0.14105770259378925,7.335588988331356,1.7132399378458465
0.27066666666666767,-0.14000014027766075,7.313380566080323,1.7119162318469248
0.2713333333333343,-0.13894363165683568,7.291172143829289,1.7105862089852966
0.27200000000000096,-0.13788817673131407,7.268963721578258,1.709249869260962
0.2726666666666676,-0.13683377550109593,7.246755299327225,1.7079072126739212
0.27333333333333426,-0.13578042796618126,7.224546877076191,1.7065582392241736
0.2740000000000009,-0.13472813412657014,7.202338454825158,1.7052029489117202
0.27466666666666756,-0.1336768939822624,7.180130032574125,1.7038413417365597
0.2753333333333342,-0.13262670753325811,7.157921610323092,1.7024734176986933
0.27600000000000086,-0.13157757477955728,7.135713188072058,1.7010991767981198
0.2766666666666675,-0.1305294957211599,7.113504765821027,1.6997186190348401
0.27733333333333415,-0.129482470358066,7.091296343569994,1.6983317444088546
0.2780000000000008,-0.12843649869027557,7.06908792131896,1.6969385529201624
0.27866666666666745,-0.12739158071778858,7.046879499067927,1.6955390445687635
0.2793333333333341,-0.12634771644060505,7.024671076816894,1.6941332193546579
0.28000000000000075,-0.125304905858725,7.002462654565861,1.6927210772778465
0.2806666666666674,-0.12426314897214853,6.980254232314827,1.691302618338328
0.28133333333333405,-0.12322244578087539,6.958045810063794,1.6898778425361034
0.2820000000000007,-0.12218279628490572,6.935837387812763,1.6884467498711726
0.28266666666666734,-0.12114420048423953,6.913628965561729,1.6870093403435356
0.283333333333334,-0.12010665837887678,6.891420543310696,1.6855656139531914
0.28400000000000064,-0.1190701699688175,6.869212121059663,1.6841155707001412
0.2846666666666673,-0.11803473525406168,6.84700369880863,1.6826592105843847
0.28533333333333394,-0.11700035423460932,6.824795276557596,1.6811965336059214
0.2860000000000006,-0.11596702691046043,6.802586854306563,1.679727539764752
0.28666666666666724,-0.11493475328161509,6.780378432055532,1.678252229060876
0.2873333333333339,-0.11390353334807313,6.758170009804498,1.6767706014942938
0.28800000000000053,-0.11287336710983463,6.735961587553465,1.6752826570650048
0.2886666666666672,-0.11184425456689957,6.713753165302432,1.673788395773009
0.28933333333333383,-0.11081619571926798,6.691544743051399,1.6722878176183078
0.2900000000000005,-0.10978919056693986,6.669336320800365,1.6707809226008994
0.29066666666666713,-0.1087632391099152,6.647127898549332,1.6692677107207852
0.2913333333333338,-0.10773834134819402,6.624919476298301,1.6677481819779638
0.2920000000000004,-0.10671449728177626,6.602711054047267,1.6662223363724369
0.2926666666666671,-0.105691706910662,6.580502631796234,1.6646901739042028
0.2933333333333337,-0.10466997023485129,6.558294209545201,1.6631516945732625
0.29400000000000037,-0.10364928725434396,6.536085787294168,1.661606898379616
0.294666666666667,-0.10262965796914006,6.513877365043134,1.6600557853232627
0.29533333333333367,-0.10161108237923965,6.491668942792101,1.6584983554042032
0.2960000000000003,-0.10059356048464267,6.46946052054107,1.656934608622437
0.29666666666666697,-0.09957709228534917,6.447252098290036,1.655364544977965
0.2973333333333336,-0.09856167778135913,6.425043676039003,1.653788164470786
0.29800000000000026,-0.09754731697267256,6.40283525378797,1.6522054671009005
0.2986666666666669,-0.09653400985928944,6.3806268315369365,1.650616452868309
0.29933333333333356,-0.09552175644120979,6.358418409285903,1.649021121773011
0.3000000000000002,-0.09451055671843371,6.33620998703487,1.6474194738150063
0.30066666666666686,-0.09350041069096099,6.314001564783839,1.645811508994295
0.3013333333333335,-0.09249131835879172,6.291793142532805,1.6441972273108778
0.30200000000000016,-0.09148327972192591,6.269584720281772,1.642576628764754
0.3026666666666668,-0.09047629478036358,6.247376298030739,1.6409497133559239
0.30333333333333345,-0.08947036353410469,6.2251678757797055,1.639316481084387
0.3040000000000001,-0.08846548598314928,6.202959453528672,1.637676931950144
0.30466666666666675,-0.08746166212749733,6.180751031277639,1.6360310659531943
0.3053333333333334,-0.08645889196714883,6.1585426090266076,1.6343788830935382
0.30600000000000005,-0.0854571755021038,6.136334186775574,1.632720383371176
0.3066666666666667,-0.08445651273236233,6.114125764524541,1.6310555667861069
0.30733333333333335,-0.08345690365792424,6.091917342273508,1.6293844333383318
0.308,-0.0824583482787896,6.0697089200224745,1.6277069830278499
0.30866666666666664,-0.08146084659495842,6.047500497771441,1.6260232158546621
0.3093333333333333,-0.08046439860643069,6.025292075520408,1.6243331318187673
0.30999999999999994,-0.07946900431320643,6.0030836532693765,1.6226367309201661
0.3106666666666666,-0.07847466371528564,5.980875231018343,1.620934013158859
0.31133333333333324,-0.07748137681266831,5.95866680876731,1.6192249785348447
0.3119999999999999,-0.07648914360535444,5.936458386516277,1.6175096270481246
0.31266666666666654,-0.07549796409334414,5.9142499642652435,1.6157879586986978
0.3133333333333332,-0.07450783827663719,5.89204154201421,1.6140599734865648
0.31399999999999983,-0.0735187661552337,5.869833119763177,1.6123256714117251
0.3146666666666665,-0.07253074772913369,5.8476246975121455,1.610585052474179
0.31533333333333313,-0.07154378299833714,5.825416275261112,1.6088381166739267
0.3159999999999998,-0.07055787196284403,5.803207853010079,1.607084864010968
0.31666666666666643,-0.0695730146226544,5.780999430759046,1.6053252944853025
0.3173333333333331,-0.06858921097776823,5.7587910085080125,1.6035594080969306
0.3179999999999997,-0.06760646102818552,5.736582586256979,1.6017872048458528
0.3186666666666664,-0.06662476477390626,5.714374164005946,1.6000086847320678
0.319333333333333,-0.06564412221493059,5.6921657417549145,1.5982238477555768
0.3199999999999997,-0.06466453335125827,5.669957319503881,1.5964326939163795
0.3206666666666663,-0.0636859981828894,5.647748897252848,1.594635223214476
0.32133333333333297,-0.06270851670982401,5.625540475001815,1.5928314356498654
0.3219999999999996,-0.06173208893206206,5.6033320527507815,1.5910213312225485
0.32266666666666627,-0.0607567148496036,5.581123630499748,1.5892049099325254
0.3233333333333329,-0.05978239446244858,5.558915208248715,1.5873821717797958
0.32399999999999957,-0.05880912777059703,5.5367067859976835,1.58555311676436
0.3246666666666662,-0.05783691477404894,5.51449836374665,1.5837177448862172
0.32533333333333286,-0.056865755472804314,5.492289941495617,1.5818760561453686
0.3259999999999995,-0.05589564986686324,5.470081519244584,1.5800280505418134
0.32666666666666616,-0.054926597956225565,5.4478730969935505,1.5781737280755512
0.3273333333333328,-0.053958599740891316,5.425664674742517,1.5763130887465833
0.32799999999999946,-0.05299165522086052,5.403456252491484,1.5744461325549086
0.3286666666666661,-0.05202576439613321,5.3812478302404525,1.5725728595005277
0.32933333333333276,-0.05106092726670938,5.359039407989419,1.57069326958344
0.3299999999999994,-0.05009714383258898,5.336830985738386,1.5688073628036463
0.33066666666666605,-0.04913441409377206,5.314622563487353,1.566915139161146
0.3313333333333327,-0.04817273805025857,5.2924141412363195,1.565016598655939
0.33199999999999935,-0.047212115702048696,5.270205718985286,1.563111741288026
0.332666666666666,-0.04625254704914214,5.247997296734253,1.5612005670574063
0.33333333333333265,-0.045294032091539066,5.2257888744832215,1.5592830759640806
0.3339999999999993,-0.04433657082923945,5.203580452232188,1.5573592680080477
0.33466666666666595,-0.04338016326224328,5.181372029981155,1.555429143189309
0.3353333333333326,-0.0424248093905506,5.159163607730122,1.5534927015078637
0.33599999999999924,-0.04147050921416137,5.1369551854790885,1.5515499429637116
0.3366666666666659,-0.0405172627330756,5.114746763228055,1.5496008675568538
0.33733333333333254,-0.03956506994729328,5.092538340977022,1.5476454752872892
0.3379999999999992,-0.038613930856814443,5.070329918725989,1.545683766155018
0.33866666666666584,-0.03766384546163917,5.048121496474957,1.5437157401600405
0.3393333333333325,-0.036714813761767245,5.025913074223924,1.5417413973023568
0.33999999999999914,-0.0357668357571988,5.003704651972891,1.5397607375819662
0.3406666666666658,-0.03481991144793378,4.9814962297218575,1.5377737609988698
0.34133333333333243,-0.033874040833972274,4.959287807470824,1.5357804675530664
0.3419999999999991,-0.03292922391531419,4.937079385219791,1.5337808572445568
0.34266666666666573,-0.031985460691959566,4.914870962968758,1.5317749300733408
0.3433333333333324,-0.031042751163908422,4.892662540717726,1.529762686039418
0.34399999999999903,-0.030101095331160732,4.870454118466693,1.5277441251427892
0.3446666666666657,-0.029160493193716525,4.84824569621566,1.5257192473834538
0.3453333333333323,-0.028220944751575855,4.8260372739646265,1.5236880527614123
0.345999999999999,-0.027282450004738584,4.803828851713593,1.5216505412766639
0.3466666666666656,-0.02634500895320474,4.78162042946256,1.5196067129292095
0.3473333333333323,-0.02540862159697435,4.759412007211527,1.5175565677190481
0.3479999999999989,-0.024473287936047444,4.737203584960495,1.5155001056461805
0.34866666666666557,-0.023539007970423992,4.714995162709462,1.513437326710607
0.3493333333333322,-0.022605781700104022,4.692786740458429,1.5113682309123262
0.34999999999999887,-0.02167360912508748,4.670578318207395,1.5092928182513399
0.3506666666666655,-0.020742490245374418,4.648369895956362,1.5072110887276464
0.35133333333333217,-0.019812425060964922,4.626161473705329,1.5051230423412472
0.3519999999999988,-0.018883413571858798,4.603953051454296,1.5030286790921408
0.35266666666666546,-0.01795545577805613,4.581744629203264,1.5009279989803281
0.3533333333333321,-0.017028551679556914,4.559536206952231,1.4988210020058093
0.35399999999999876,-0.016102701276361153,4.537327784701198,1.4967076881685841
0.3546666666666654,-0.015177904568468875,4.515119362450164,1.4945880574686523
0.35533333333333206,-0.014254161555880024,4.492910940199131,1.4924621099060138
0.3559999999999987,-0.013331472238594655,4.470702517948098,1.4903298454806695
0.35666666666666536,-0.01240983661661274,4.448494095697065,1.4881912641926183
0.357333333333332,-0.011489254689934336,4.426285673446033,1.4860463660418604
0.35799999999999865,-0.010569726458559442,4.404077251195,1.4838951510283969
0.3586666666666653,-0.009651251922487947,4.381868828943967,1.4817376191522267
0.35933333333333195,-0.008733831081719878,4.359660406692933,1.4795737704133498
0.3599999999999986,-0.007817463936255292,4.3374519844419,1.4774036048117662
0.36066666666666525,-0.006902150486094161,4.315243562190867,1.4752271223474769
0.3613333333333319,-0.0059878907312365115,4.293035139939834,1.4730443230204806
0.36199999999999855,-0.005074684671682261,4.270826717688802,1.4708552068307785
0.3626666666666652,-0.004162532307431549,4.248618295437769,1.468659773778369
0.36333333333333184,-0.0032514336384842635,4.226409873186736,1.466458023863254
0.3639999999999985,-0.0023413886648404325,4.204201450935702,1.4642499570854322
0.36466666666666514,-0.0014323973865001949,4.181993028684669,1.4620355734449038
0.3653333333333318,-0.000524459803463273,4.159784606433636,1.4598148729416693
0.36599999999999844,0.00038242408427013874,4.137576184182603,1.457587855575728
0.3666666666666651,0.0012882542767001237,4.115367761931571,1.4553545213470809
0.36733333333333174,0.0021930307738266264,4.093159339680538,1.4531148702557266
0.3679999999999984,0.0030967535756496467,4.070950917429505,1.4508689023016663
0.36866666666666503,0.00399942268216924,4.048742495178471,1.4486166174848996
0.3693333333333317,0.0049010380933853515,4.026534072927438,1.446358015805426
0.36999999999999833,0.005801599809298008,4.004325650676405,1.4440930972632464
0.370666666666665,0.006701107829907099,3.9821172284253716,1.4418218618583603
0.3713333333333316,0.007599562155212847,3.95990880617434,1.439544309590768
0.3719999999999983,0.008496962785215112,3.937700383923307,1.4372604404604687
0.3726666666666649,0.00939330971991395,3.9154919616722736,1.4349702544674638
0.3733333333333316,0.010288602959309279,3.8932835394212404,1.4326737516117518
0.3739999999999982,0.01118284250340118,3.871075117170207,1.4303709318933333
0.37466666666666487,0.0120760283521896,3.848866694919174,1.428061795312209
0.3753333333333315,0.012968160505674564,3.8266582726681406,1.425746341868378
0.37599999999999817,0.013859238963856074,3.804449850417109,1.4234245715618403
0.3766666666666648,0.014749263726734102,3.782241428166076,1.4210964843925962
0.37733333333333147,0.015638234794308564,3.7600330059150426,1.418762080360646
0.3779999999999981,0.016526152166579683,3.7378245836640094,1.4164213594659891
0.37866666666666476,0.01741301584354732,3.715616161412976,1.4140743217086253
0.3793333333333314,0.01829882582521153,3.693407739161943,1.4117209670885562
0.37999999999999806,0.019183582111572228,3.6711993169109096,1.4093612956057802
0.3806666666666647,0.0200672847026295,3.648990894659878,1.4069953072602974
0.38133333333333136,0.02094993359838332,3.626782472408845,1.4046230020521082
0.381999999999998,0.021831528798833655,3.6045740501578116,1.4022443799812132
0.38266666666666466,0.02271207030398051,3.5823656279067784,1.399859441047611
0.3833333333333313,0.023591558113823963,3.560157205655745,1.3974681852513033
0.38399999999999795,0.024469992228363796,3.537948783404712,1.3950706125922883
0.3846666666666646,0.025347372647600286,3.5157403611536786,1.3926667230705674
0.38533333333333125,0.026223699371533293,3.493531938902647,1.3902565166861396
0.3859999999999979,0.027098972400162874,3.471323516651614,1.3878399934390055
0.38666666666666455,0.027973191733488972,3.4491150944005806,1.3854171533291653
0.3873333333333312,0.028846357371511644,3.4269066721495474,1.3829879963566183
0.38799999999999785,0.029718469314230833,3.404698249898514,1.3805525225213653
0.3886666666666645,0.030589527561646512,3.382489827647481,1.3781107318234054
0.38933333333333114,0.03145953211375879,3.3602814053964476,1.3756626242627394
0.3899999999999978,0.03232848297056745,3.338072983145416,1.3732081998393666
0.39066666666666444,0.033196380132072795,3.315864560894383,1.3707474585532877
0.3913333333333311,0.03406322359827468,3.2936561386433496,1.3682804004045024
0.39199999999999774,0.03492901336917309,3.2714477163923164,1.365807025393011
0.3926666666666644,0.035793749444768014,3.249239294141283,1.3633273335188123
0.39333333333333104,0.03665743182505951,3.22703087189025,1.3608413247819076
0.3939999999999977,0.037520060510047526,3.2048224496392166,1.3583489991822966
0.39466666666666433,0.038381635499732086,3.1826140273881833,1.3558503567199789
0.395333333333331,0.039242156794113164,3.160405605137152,1.3533453973949545
0.39599999999999763,0.040101624393190816,3.1381971828861186,1.3508341212072246
0.3966666666666643,0.0409600382969649,3.1159887606350853,1.348316528156788
0.39733333333333093,0.04181739850543559,3.093780338384052,1.3457926182436444
0.3979999999999976,0.04267370501860285,3.071571916133019,1.3432623914677946
0.3986666666666642,0.043528957836466625,3.0493634938819856,1.3407258478292385
0.3993333333333309,0.04438315695902695,3.0271550716309523,1.3381829873279758
0.3999999999999975,0.04523630238628379,3.004946649379921,1.335633809964007
0.4006666666666642,0.0460883941182372,2.9827382271288876,1.3330783157373316
0.4013333333333308,0.046939432154887134,2.9605298048778543,1.33051650464795
0.40199999999999747,0.04778941649623361,2.938321382626821,1.3279483766958613
0.4026666666666641,0.04863834714227663,2.916112960375788,1.3253739318810664
0.40333333333333077,0.04948622409301609,2.8939045381247546,1.3227931702035656
0.4039999999999974,0.05033304734845215,2.8716961158737213,1.3202060916633578
0.40466666666666407,0.05117881690858478,2.84948769362269,1.317612696260444
0.4053333333333307,0.052023532773413955,2.8272792713716566,1.3150129839948235
0.40599999999999736,0.05286719494293968,2.8050708491206233,1.312406954866497
0.406666666666664,0.05370980341716189,2.78286242686959,1.3097946088754633
0.40733333333333066,0.054551358196080674,2.760654004618557,1.3071759460217236
0.4079999999999973,0.055391859279695976,2.7384455823675236,1.3045509663052774
0.40866666666666396,0.056231306668007824,2.7162371601164903,1.3019196697261246
0.4093333333333306,0.05706970036101611,2.694028737865459,1.299282056284266
0.40999999999999726,0.057907040358721046,2.6718203156144256,1.2966381259797004
0.4106666666666639,0.05874332666112253,2.6496118933633923,1.2939878788124288
0.41133333333333055,0.059578559268220505,2.627403471112359,1.2913313147824503
0.4119999999999972,0.06041273818001505,2.605195048861326,1.2886684338897654
0.41266666666666385,0.06124586339650612,2.5829866266102925,1.2859992361343744
0.4133333333333305,0.062077934917693756,2.5607782043592593,1.2833237215162772
0.41399999999999715,0.06290895274357791,2.538569782108228,1.280641890035473
0.4146666666666638,0.06373891687415859,2.5163613598571946,1.2779537416919622
0.41533333333333045,0.06456782730943586,2.4941529376061613,1.2752592764857458
0.4159999999999971,0.06539568404940951,2.471944515355128,1.2725584944168222
0.41666666666666374,0.06622248709407982,2.449736093104095,1.2698513954851922
0.4173333333333304,0.06704823644344662,2.4275276708530615,1.2671379796908562
0.41799999999999704,0.06787293209751002,2.4053192486020283,1.264418247033814
0.4186666666666637,0.06869657405626994,2.383110826350997,1.2616921975140647
0.41933333333333034,0.06951916231972641,2.3609024040999635,1.258959831131609
0.419999999999997,0.07034069688787939,2.3386939818489303,1.2562211478864473
0.42066666666666364,0.07116117776072894,2.316485559597897,1.253476147778579
0.4213333333333303,0.07198060493827502,2.294277137346864,1.2507248308080046
0.42199999999999693,0.07279897842051761,2.2720687150958305,1.247967196974723
0.4226666666666636,0.07361629820745663,2.2498602928447973,1.2452032462787357
0.42333333333333023,0.07443256429909234,2.227651870593766,1.2424329787200414
0.4239999999999969,0.07524777669542457,2.2054434483427325,1.2396563942986407
0.42466666666666353,0.07606193539645334,2.1832350260916993,1.2368734930145342
0.4253333333333302,0.0768750404021786,2.161026603840666,1.2340842748677205
0.4259999999999968,0.07768709171260044,2.1388181815896328,1.231288739858201
0.4266666666666635,0.07849808932771882,2.1166097593385995,1.2284868879859747
0.4273333333333301,0.07930803324753372,2.0944013370875663,1.2256787192510423
0.42799999999999677,0.08011692347204519,2.072192914836535,1.2228642336534032
0.4286666666666634,0.08092476000125307,2.0499844925855015,1.2200434311930577
0.42933333333333007,0.0817315428351576,2.0277760703344683,1.217216311870006
0.4299999999999967,0.08253727197375865,2.005567648083435,1.2143828756842479
0.43066666666666337,0.08334194741705625,1.9833592258324018,1.211543122635783
0.43133333333333,0.0841455691650504,1.9611508035813685,1.2086970527246115
0.43199999999999666,0.08494813721774105,1.9389423813303353,1.205844665950734
0.4326666666666633,0.08574965157512829,1.9167339590793038,1.20298596231415
0.43333333333332996,0.08655011223721204,1.8945255368282705,1.2001209418148593
0.4339999999999966,0.08734951920399234,1.8723171145772373,1.1972496044528627
0.43466666666666326,0.08814787247546915,1.850108692326204,1.1943719502281596
0.4353333333333299,0.0889451720516424,1.8279002700751708,1.1914879791407496
0.43599999999999656,0.08974141793251231,1.8056918478241375,1.1885976911906333
0.4366666666666632,0.09053661011807876,1.7834834255731042,1.1857010863778108
0.43733333333332985,0.09133074860834173,1.7612750033220728,1.1827981647022816
0.4379999999999965,0.09212383340330124,1.7390665810710395,1.1798889261640464
0.43866666666666315,0.0929158645029573,1.7168581588200063,1.1769733707631043
0.4393333333333298,0.09370684190730988,1.694649736568973,1.1740514984994561
0.43999999999999645,0.094496765616359,1.6724413143179397,1.171123309373101
0.4406666666666631,0.09528563563010467,1.6502328920669065,1.1681888033840397
0.44133333333332975,0.09607345194854688,1.6280244698158732,1.1652479805322722
0.4419999999999964,0.09686021457168553,1.6058160475648418,1.1623008408177982
0.44266666666666304,0.09764592349952081,1.5836076253138085,1.159347384240618
0.4433333333333297,0.09843057873205263,1.5613992030627752,1.1563876108007307
0.44399999999999634,0.09921418026928097,1.539190780811742,1.1534215204981375
0.444666666666663,0.09999672811120588,1.5169823585607087,1.1504491133328376
0.44533333333332964,0.10077822225782732,1.4947739363096755,1.1474703893048313
0.4459999999999963,0.10155866270914529,1.4725655140586422,1.144485348414119
0.44666666666666294,0.10233804946515979,1.4503570918076107,1.1414939906606996
0.4473333333333296,0.10311638252587083,1.4281486695565775,1.1384963160445742
0.44799999999999623,0.1038936618912783,1.4059402473055442,1.1354923245657422
0.4486666666666629,0.10466988756138243,1.383731825054511,1.1324820162242042
0.44933333333332953,0.1054450595361831,1.3615234028034777,1.1294653910199592
0.4499999999999962,0.10621917781568038,1.3393149805524445,1.1264424489530078
0.45066666666666283,0.10699224239987404,1.3171065583014112,1.1234131900233504
0.4513333333333295,0.10776425328876418,1.2948981360503797,1.1203776142309867
0.4519999999999961,0.10853521048235112,1.2726897137993465,1.1173357215759159
0.4526666666666628,0.10930511398063433,1.2504812915483132,1.1142875120581386
0.4533333333333294,0.11007396378361434,1.22827286929728,1.1112329856776557
0.4539999999999961,0.11084175989129064,1.2060644470462467,1.1081721424344657
0.4546666666666627,0.1116085023036637,1.1838560247952135,1.1051049823285692
0.45533333333332937,0.1123741910207331,1.1616476025441802,1.1020315053599667
0.455999999999996,0.11313882604249925,1.139439180293147,1.098951711528658
0.45666666666666267,0.11390240736896173,1.1172307580421155,1.0958656008346424
0.4573333333333293,0.11466493500012095,1.0950223357910822,1.0927731732779202
0.45799999999999597,0.11542640893597647,1.072813913540049,1.089674428858492
0.4586666666666626,0.11618682917652856,1.0506054912890157,1.086569367576357
0.45933333333332926,0.11694619572177739,1.0283970690379824,1.083457989431516
0.4599999999999959,0.11770450857172254,1.0061886467869492,1.0803402944239682
0.46066666666666256,0.11846176772636446,0.9839802245359159,1.0772162825537144
0.4613333333333292,0.11921797318570271,0.9617718022848845,1.0740859538207537
0.46199999999999586,0.11997312494973772,0.9395633800338512,1.0709493082250867
0.4626666666666625,0.120727223018469,0.917354957782818,1.0678063457667135
0.46333333333332916,0.12148026739189705,0.8951465355317847,1.0646570664456334
0.4639999999999958,0.12223225807002147,0.8729381132807514,1.0615014702618475
0.46466666666666245,0.12298319505284233,0.8507296910297182,1.0583395572153547
0.4653333333333291,0.12373307834036001,0.8285212687786849,1.0551713273061556
0.46599999999999575,0.12448190793257402,0.8063128465276534,1.05199678053425
0.4666666666666624,0.1252296838294848,0.7841044242766202,1.0488159168996378
0.46733333333332905,0.1259764060310919,0.7618960020255869,1.0456287364023198
0.4679999999999957,0.1267220745373957,0.7396875797745537,1.0424352390422948
0.46866666666666235,0.12746668934839583,0.7174791575235204,1.0392354248195637
0.469333333333329,0.12821025046409273,0.6952707352724872,1.0360292937341258
0.46999999999999564,0.12895275788448596,0.6730623130214539,1.032816845785982
0.4706666666666623,0.12969421160957573,0.6508538907704224,1.0295980809751315
0.47133333333332894,0.1304346116393622,0.6286454685193892,1.0263729993015742
0.4719999999999956,0.13117395797384507,0.6064370462683559,1.023141600765311
0.47266666666666224,0.13191225061302464,0.5842286240173227,1.0199038853663414
0.4733333333333289,0.13264948955690054,0.5620202017662894,1.016659853104665
0.47399999999999554,0.13338567480547325,0.5398117795152562,1.0134095039802822
0.4746666666666622,0.13412080635874224,0.5176033572642229,1.0101528379931934
0.47533333333332883,0.134854884216708,0.49539493501319143,1.0068898551433976
0.4759999999999955,0.13558790837937001,0.4731865127621582,1.003620555430896
0.47666666666666213,0.13631987884672886,0.4509780905111249,1.0003449388556873
0.4773333333333288,0.13705079561878397,0.42876966826009166,0.9970630054177727
0.47799999999999543,0.13778065869553563,0.4065612460090584,0.9937747551171512
0.4786666666666621,0.1385094680769841,0.38435282375802515,0.9904801879538234
0.4793333333333287,0.13923722376312886,0.3621444015069919,0.9871793039277896
0.4799999999999954,0.13996392575397038,0.3399359792559604,0.9838721030390489
0.480666666666662,0.14068957404950821,0.3177275570049254,0.9805585852876022
0.4813333333333287,0.14141416864974277,0.29551913475389213,0.9772387506734483
0.4819999999999953,0.1421377095546737,0.27331071250286243,0.9739125991965889
0.48266666666666197,0.14286019676430134,0.2511022902518292,0.9705801308570225
0.4833333333333286,0.1435816302786253,0.22889386800079592,0.9672413456547495
0.48399999999999527,0.14430201009764582,0.20668544574976266,0.9638962435897707
0.4846666666666619,0.1450213362213631,0.1844770234987294,0.9605448246620849
0.48533333333332856,0.1457396086497767,0.16226860124769615,0.9571870888716931
0.4859999999999952,0.146456827382887,0.1400601789966629,0.9538230362185944
0.48666666666666186,0.1471729924206937,0.11785175674562964,0.9504526667027899
0.4873333333333285,0.1478881037631971,0.09564333449459639,0.9470759803242785
0.48799999999999516,0.1486021614103969,0.07343491224356313,0.9436929770830607
0.4886666666666618,0.1493151653622934,0.05122648999252988,0.9403036569791368
0.48933333333332846,0.1500271156188862,0.029018067741496623,0.9369080200125064
0.4899999999999951,0.15073801218017552,0.006809645490463367,0.9335060661831693
0.49066666666666175,0.15144785504616165,-0.015398776760569888,0.9300977954911256
0.4913333333333284,0.1521566442168441,-0.03760719901160314,0.926683207936376
0.49199999999999505,0.15286437969222327,-0.059815621262632845,0.9232623035189196
0.4926666666666617,0.15357106147229876,-0.0820240435136661,0.9198350822387567
0.49333333333332835,0.15427668955707102,-0.10423246576469936,0.9164015440958877
0.493999999999995,0.1549812639465396,-0.1264408880157326,0.9129616890903125
0.49466666666666165,0.15568478464070495,-0.14864931026676587,0.9095155172220304
0.4953333333333283,0.15638725163956663,-0.17085773251779912,0.9060630284910418
0.49599999999999494,0.15708866494312507,-0.19306615476883238,0.902604222897347
0.4966666666666616,0.15778902455137978,-0.21527457701986563,0.8991391004409455
0.49733333333332824,0.15848833046433108,-0.2374829992708989,0.8956676611218384
0.4979999999999949,0.15918658268197905,-0.25969142152193214,0.8921899049400237
0.49866666666666154,0.15988378120432345,-0.2818998437729654,0.8887058318955035
0.4993333333333282,0.16057992603136456,-0.30410826602399865,0.8852154419882763
0.49999999999999484,0.16127501716310194,-0.3263166882750319,0.8817187352183427
0.5006666666666615,0.16196905459953614,-0.34852511052606516,0.8782157115857032
0.5013333333333282,0.16266203834066678,-0.3707335327770984,0.8747063710903566
0.5019999999999949,0.16335396838649396,-0.3929419550281317,0.8711907137323032
0.5026666666666616,0.16404484473701775,-0.4151503772791685,0.8676687395115441
0.5033333333333283,0.16473466739223797,-0.43735879953020174,0.8641404484280779
0.503999999999995,0.16542343635215478,-0.45956722178123854,0.8606058404819057
0.5046666666666617,0.16611115161676815,-0.4817756440322718,0.8570649156730272
0.5053333333333284,0.166797813186078,-0.5039840662833086,0.8535176740014421
0.5059999999999951,0.16748342106008446,-0.5261924885343419,0.8499641154671504
0.5066666666666618,0.16816797523878735,-0.5484009107853787,0.8464042400701521
0.5073333333333285,0.16885147572218684,-0.5706093330364119,0.8428380478104476
0.5079999999999952,0.16953392251028293,-0.5928177552874452,0.839265538688037
0.5086666666666619,0.17021531560307546,-0.615026177538482,0.8356867127029197
0.5093333333333286,0.17089565500056453,-0.6372345997895152,0.832101569855096
0.5099999999999953,0.1715749407027502,-0.659443022040552,0.8285101101445653
0.510666666666662,0.17225317270963242,-0.6816514442915853,0.8249123335713293
0.5113333333333288,0.17293035102121113,-0.7038598665426221,0.821308240135386
0.5119999999999955,0.17360647563748638,-0.7260682887936554,0.8176978298367368
0.5126666666666622,0.17428154655845812,-0.7482767110446922,0.8140811026753807
0.5133333333333289,0.17495556378412647,-0.7704851332957254,0.8104580586513186
0.5139999999999956,0.17562852731449136,-0.7926935555467622,0.8068286977645496
0.5146666666666623,0.17630043714955274,-0.8149019777977955,0.8031930200150743
0.515333333333329,0.17697129328931072,-0.8371104000488288,0.7995510254028926
0.5159999999999957,0.1776410957337652,-0.8593188222998656,0.7959027139280046
0.5166666666666624,0.1783098444829162,-0.8815272445508988,0.7922480855904102
0.5173333333333291,0.17897753953676382,-0.9037356668019356,0.7885871403901097
0.5179999999999958,0.17964418089530787,-0.9259440890529689,0.7849198783271021
0.5186666666666625,0.18030976855854852,-0.9481525113040057,0.7812462994013885
0.5193333333333292,0.18097430252648566,-0.9703609335550389,0.7775664036129681
0.5199999999999959,0.18163778279911935,-0.9925693558060757,0.7738801909618411
0.5206666666666626,0.18230020937644964,-1.014777778057109,0.7701876614480083
